Invoice ID,Order,Amount Due,PDF URL,Sent At,Status
I-2025-0001,O-2025-0001,148.96,https://files.example.com/invoices/I-2025-0001.pdf,2025-08-23T12:40:33,Sent
I-2025-0002,O-2025-0002,80.85,https://blob.example.net/invoices/I-2025-0002.pdf,,Draft
I-2025-0003,O-2025-0003,1126.32,https://blob.example.net/invoices/I-2025-0003.pdf,2025-09-09T05:32:21,Sent
I-2025-0004,O-2025-0004,2128.16,https://blob.example.net/invoices/I-2025-0004.pdf,2025-09-24T23:34:33,Sent
I-2025-0005,O-2025-0005,115.0,https://blob.example.net/invoices/I-2025-0005.pdf,2025-09-27T23:55:01,Sent
I-2025-0006,O-2025-0006,2431.2,https://files.example.com/invoices/I-2025-0006.pdf,2025-09-21T09:49:22,Sent
I-2025-0007,O-2025-0007,2602.0,https://files.example.com/invoices/I-2025-0007.pdf,2025-10-10T05:24:56,Sent
I-2025-0008,O-2025-0008,887.69,https://blob.example.net/invoices/I-2025-0008.pdf,2025-08-11T04:05:56,Sent
I-2025-0009,O-2025-0009,314.5,https://cdn.paperdemo.io/invoices/I-2025-0009.pdf,2025-07-28T11:44:38,Sent
I-2025-0010,O-2025-0010,1121.86,https://files.example.com/invoices/I-2025-0010.pdf,,Draft
I-2025-0011,O-2025-0011,327.81,https://cdn.paperdemo.io/invoices/I-2025-0011.pdf,2025-10-12T12:17:48,Sent
I-2025-0012,O-2025-0012,83.07,https://cdn.paperdemo.io/invoices/I-2025-0012.pdf,2025-08-28T18:39:37,Sent
I-2025-0013,O-2025-0013,249.84,https://files.example.com/invoices/I-2025-0013.pdf,2025-08-04T06:52:01,Sent
I-2025-0014,O-2025-0014,328.24,https://files.example.com/invoices/I-2025-0014.pdf,2025-09-13T05:25:18,Sent
I-2025-0015,O-2025-0015,1244.56,https://cdn.paperdemo.io/invoices/I-2025-0015.pdf,2025-09-06T04:52:50,Sent
I-2025-0016,O-2025-0016,6756.75,https://blob.example.net/invoices/I-2025-0016.pdf,2025-09-02T22:29:24,Sent
I-2025-0017,O-2025-0017,254.45,https://cdn.paperdemo.io/invoices/I-2025-0017.pdf,2025-08-14T18:08:01,Sent
I-2025-0018,O-2025-0018,2877.7,https://blob.example.net/invoices/I-2025-0018.pdf,2025-08-15T03:37:09,Sent
I-2025-0019,O-2025-0019,1411.6,https://blob.example.net/invoices/I-2025-0019.pdf,,Draft
I-2025-0020,O-2025-0020,311.48,https://cdn.paperdemo.io/invoices/I-2025-0020.pdf,,Draft
I-2025-0021,O-2025-0021,157.74,https://blob.example.net/invoices/I-2025-0021.pdf,2025-07-26T03:15:52,Sent
I-2025-0022,O-2025-0022,362.88,https://files.example.com/invoices/I-2025-0022.pdf,2025-07-28T08:58:49,Sent
I-2025-0023,O-2025-0023,143.1,https://files.example.com/invoices/I-2025-0023.pdf,2025-10-04T22:42:51,Sent
I-2025-0024,O-2025-0024,2685.83,https://blob.example.net/invoices/I-2025-0024.pdf,2025-09-11T09:18:08,Sent
I-2025-0025,O-2025-0025,154.88,https://files.example.com/invoices/I-2025-0025.pdf,,Draft
I-2025-0026,O-2025-0026,356.5,https://cdn.paperdemo.io/invoices/I-2025-0026.pdf,,Draft
I-2025-0027,O-2025-0027,3864.56,https://blob.example.net/invoices/I-2025-0027.pdf,2025-09-04T22:55:50,Sent
I-2025-0028,O-2025-0028,2609.08,https://blob.example.net/invoices/I-2025-0028.pdf,2025-08-26T01:26:17,Sent
I-2025-0029,O-2025-0029,278.8,https://blob.example.net/invoices/I-2025-0029.pdf,2025-09-28T20:29:39,Sent
I-2025-0030,O-2025-0030,62.28,https://files.example.com/invoices/I-2025-0030.pdf,2025-08-30T14:23:43,Sent
I-2025-0031,O-2025-0031,588.28,https://cdn.paperdemo.io/invoices/I-2025-0031.pdf,2025-10-11T18:36:24,Sent
I-2025-0032,O-2025-0032,1030.5,https://blob.example.net/invoices/I-2025-0032.pdf,,Draft
I-2025-0033,O-2025-0033,1080.53,https://cdn.paperdemo.io/invoices/I-2025-0033.pdf,2025-09-18T23:23:38,Sent
I-2025-0034,O-2025-0034,113.75,https://blob.example.net/invoices/I-2025-0034.pdf,,Draft
I-2025-0035,O-2025-0035,294.88,https://files.example.com/invoices/I-2025-0035.pdf,,Draft
I-2025-0036,O-2025-0036,436.6,https://cdn.paperdemo.io/invoices/I-2025-0036.pdf,2025-09-30T06:05:34,Sent
I-2025-0037,O-2025-0037,211.52,https://files.example.com/invoices/I-2025-0037.pdf,2025-10-04T22:52:36,Sent
I-2025-0038,O-2025-0038,3370.77,https://cdn.paperdemo.io/invoices/I-2025-0038.pdf,2025-08-18T19:31:23,Sent
I-2025-0039,O-2025-0039,65.88,https://files.example.com/invoices/I-2025-0039.pdf,2025-09-02T03:17:37,Sent
I-2025-0040,O-2025-0040,1028.61,https://blob.example.net/invoices/I-2025-0040.pdf,,Draft
I-2025-0041,O-2025-0041,107.3,https://cdn.paperdemo.io/invoices/I-2025-0041.pdf,2025-07-27T17:26:05,Sent
I-2025-0042,O-2025-0042,413.0,https://blob.example.net/invoices/I-2025-0042.pdf,2025-08-08T20:09:51,Sent
I-2025-0043,O-2025-0043,74.24,https://blob.example.net/invoices/I-2025-0043.pdf,2025-07-24T17:23:03,Sent
I-2025-0044,O-2025-0044,3055.5,https://cdn.paperdemo.io/invoices/I-2025-0044.pdf,,Draft
I-2025-0045,O-2025-0045,186.48,https://blob.example.net/invoices/I-2025-0045.pdf,2025-09-30T01:23:00,Sent
I-2025-0046,O-2025-0046,4841.91,https://files.example.com/invoices/I-2025-0046.pdf,2025-10-10T09:48:20,Sent
I-2025-0047,O-2025-0047,249.66,https://files.example.com/invoices/I-2025-0047.pdf,2025-10-08T05:19:55,Sent
I-2025-0048,O-2025-0048,209.16,https://cdn.paperdemo.io/invoices/I-2025-0048.pdf,2025-10-21T03:55:31,Sent
I-2025-0049,O-2025-0049,693.72,https://files.example.com/invoices/I-2025-0049.pdf,2025-10-07T11:34:43,Sent
I-2025-0050,O-2025-0050,30.78,https://cdn.paperdemo.io/invoices/I-2025-0050.pdf,2025-09-07T00:42:21,Sent
I-2025-0051,O-2025-0051,234.9,https://cdn.paperdemo.io/invoices/I-2025-0051.pdf,2025-10-12T18:57:30,Sent
I-2025-0052,O-2025-0052,83.85,https://blob.example.net/invoices/I-2025-0052.pdf,2025-08-30T10:30:48,Sent
I-2025-0053,O-2025-0053,142.5,https://cdn.paperdemo.io/invoices/I-2025-0053.pdf,2025-08-26T01:25:52,Sent
I-2025-0054,O-2025-0054,179.52,https://cdn.paperdemo.io/invoices/I-2025-0054.pdf,2025-09-20T10:42:34,Sent
I-2025-0055,O-2025-0055,298.22,https://blob.example.net/invoices/I-2025-0055.pdf,,Draft
I-2025-0056,O-2025-0056,458.8,https://files.example.com/invoices/I-2025-0056.pdf,2025-08-10T00:40:42,Sent
I-2025-0057,O-2025-0057,295.2,https://files.example.com/invoices/I-2025-0057.pdf,,Draft
I-2025-0058,O-2025-0058,134.1,https://blob.example.net/invoices/I-2025-0058.pdf,,Draft
I-2025-0059,O-2025-0059,5159.16,https://files.example.com/invoices/I-2025-0059.pdf,2025-10-01T11:35:51,Sent
I-2025-0060,O-2025-0060,71.52,https://files.example.com/invoices/I-2025-0060.pdf,2025-08-31T02:11:35,Sent
I-2025-0061,O-2025-0061,471.68,https://cdn.paperdemo.io/invoices/I-2025-0061.pdf,2025-08-22T01:42:56,Sent
I-2025-0062,O-2025-0062,5791.24,https://files.example.com/invoices/I-2025-0062.pdf,2025-10-12T16:20:38,Sent
I-2025-0063,O-2025-0063,353.28,https://cdn.paperdemo.io/invoices/I-2025-0063.pdf,,Draft
I-2025-0064,O-2025-0064,1804.38,https://blob.example.net/invoices/I-2025-0064.pdf,2025-07-31T21:07:40,Sent
I-2025-0065,O-2025-0065,2500.46,https://blob.example.net/invoices/I-2025-0065.pdf,,Draft
I-2025-0066,O-2025-0066,1342.92,https://files.example.com/invoices/I-2025-0066.pdf,2025-10-12T01:01:46,Sent
I-2025-0067,O-2025-0067,3952.16,https://files.example.com/invoices/I-2025-0067.pdf,2025-07-29T19:26:23,Sent
I-2025-0068,O-2025-0068,244.38,https://files.example.com/invoices/I-2025-0068.pdf,2025-08-02T12:57:39,Sent
I-2025-0069,O-2025-0069,3104.92,https://cdn.paperdemo.io/invoices/I-2025-0069.pdf,2025-08-06T17:31:07,Sent
I-2025-0070,O-2025-0070,211.03,https://cdn.paperdemo.io/invoices/I-2025-0070.pdf,2025-08-29T15:12:14,Sent
I-2025-0071,O-2025-0071,244.64,https://files.example.com/invoices/I-2025-0071.pdf,2025-08-31T02:02:21,Sent
I-2025-0072,O-2025-0072,660.45,https://files.example.com/invoices/I-2025-0072.pdf,,Draft
I-2025-0073,O-2025-0073,106.02,https://blob.example.net/invoices/I-2025-0073.pdf,2025-09-10T23:50:42,Sent
I-2025-0074,O-2025-0074,2808.96,https://cdn.paperdemo.io/invoices/I-2025-0074.pdf,2025-09-26T11:30:10,Sent
I-2025-0075,O-2025-0075,63.09,https://blob.example.net/invoices/I-2025-0075.pdf,2025-09-19T01:13:04,Sent
I-2025-0076,O-2025-0076,129.92,https://files.example.com/invoices/I-2025-0076.pdf,2025-09-16T18:28:12,Sent
I-2025-0077,O-2025-0077,2548.65,https://files.example.com/invoices/I-2025-0077.pdf,,Draft
I-2025-0078,O-2025-0078,312.83,https://cdn.paperdemo.io/invoices/I-2025-0078.pdf,,Draft
I-2025-0079,O-2025-0079,2131.8,https://blob.example.net/invoices/I-2025-0079.pdf,2025-09-03T01:08:49,Sent
I-2025-0080,O-2025-0080,3974.6,https://blob.example.net/invoices/I-2025-0080.pdf,2025-08-11T04:26:33,Sent
I-2025-0081,O-2025-0081,2970.01,https://blob.example.net/invoices/I-2025-0081.pdf,2025-09-26T14:12:47,Sent
I-2025-0082,O-2025-0082,77.44,https://blob.example.net/invoices/I-2025-0082.pdf,,Draft
I-2025-0083,O-2025-0083,1838.04,https://blob.example.net/invoices/I-2025-0083.pdf,2025-09-29T12:26:49,Sent
I-2025-0084,O-2025-0084,611.52,https://cdn.paperdemo.io/invoices/I-2025-0084.pdf,,Draft
I-2025-0085,O-2025-0085,2581.47,https://cdn.paperdemo.io/invoices/I-2025-0085.pdf,2025-08-27T12:10:47,Sent
I-2025-0086,O-2025-0086,320.71,https://cdn.paperdemo.io/invoices/I-2025-0086.pdf,2025-10-20T08:28:31,Sent
I-2025-0087,O-2025-0087,219.38,https://files.example.com/invoices/I-2025-0087.pdf,2025-10-21T05:57:58,Sent
I-2025-0088,O-2025-0088,178.75,https://blob.example.net/invoices/I-2025-0088.pdf,2025-09-21T04:35:29,Sent
I-2025-0089,O-2025-0089,169.86,https://cdn.paperdemo.io/invoices/I-2025-0089.pdf,2025-09-23T16:26:11,Sent
I-2025-0090,O-2025-0090,988.04,https://files.example.com/invoices/I-2025-0090.pdf,2025-07-26T12:46:11,Sent
I-2025-0091,O-2025-0091,5037.48,https://cdn.paperdemo.io/invoices/I-2025-0091.pdf,2025-10-07T10:45:41,Sent
I-2025-0092,O-2025-0092,43.62,https://files.example.com/invoices/I-2025-0092.pdf,2025-08-01T06:27:33,Sent
I-2025-0093,O-2025-0093,314.34,https://blob.example.net/invoices/I-2025-0093.pdf,2025-08-22T04:22:09,Sent
I-2025-0094,O-2025-0094,450.49,https://blob.example.net/invoices/I-2025-0094.pdf,,Draft
I-2025-0095,O-2025-0095,1317.92,https://cdn.paperdemo.io/invoices/I-2025-0095.pdf,2025-10-16T05:27:53,Sent
I-2025-0096,O-2025-0096,541.91,https://cdn.paperdemo.io/invoices/I-2025-0096.pdf,,Draft
I-2025-0097,O-2025-0097,185.75,https://cdn.paperdemo.io/invoices/I-2025-0097.pdf,2025-09-27T05:56:21,Sent
I-2025-0098,O-2025-0098,125.62,https://files.example.com/invoices/I-2025-0098.pdf,2025-10-17T12:10:37,Sent
I-2025-0099,O-2025-0099,106.82,https://cdn.paperdemo.io/invoices/I-2025-0099.pdf,2025-08-24T16:42:35,Sent
I-2025-0100,O-2025-0100,524.55,https://files.example.com/invoices/I-2025-0100.pdf,2025-10-19T03:35:24,Sent
I-2025-0101,O-2025-0101,347.04,https://files.example.com/invoices/I-2025-0101.pdf,,Draft
I-2025-0102,O-2025-0102,130.25,https://files.example.com/invoices/I-2025-0102.pdf,2025-09-18T10:15:48,Sent
I-2025-0103,O-2025-0103,275.52,https://cdn.paperdemo.io/invoices/I-2025-0103.pdf,2025-09-05T20:30:03,Sent
I-2025-0104,O-2025-0104,179.36,https://blob.example.net/invoices/I-2025-0104.pdf,2025-07-30T09:01:39,Sent
I-2025-0105,O-2025-0105,559.44,https://files.example.com/invoices/I-2025-0105.pdf,2025-07-30T05:15:27,Sent
I-2025-0106,O-2025-0106,367.36,https://cdn.paperdemo.io/invoices/I-2025-0106.pdf,2025-08-25T07:14:18,Sent
I-2025-0107,O-2025-0107,283.47,https://blob.example.net/invoices/I-2025-0107.pdf,,Draft
I-2025-0108,O-2025-0108,117.46,https://blob.example.net/invoices/I-2025-0108.pdf,2025-07-30T13:04:41,Sent
I-2025-0109,O-2025-0109,98.56,https://blob.example.net/invoices/I-2025-0109.pdf,,Draft
I-2025-0110,O-2025-0110,3751.32,https://cdn.paperdemo.io/invoices/I-2025-0110.pdf,,Draft
I-2025-0111,O-2025-0111,806.6,https://files.example.com/invoices/I-2025-0111.pdf,2025-08-24T05:05:08,Sent
I-2025-0112,O-2025-0112,4705.05,https://blob.example.net/invoices/I-2025-0112.pdf,2025-08-28T21:02:07,Sent
I-2025-0113,O-2025-0113,72.15,https://files.example.com/invoices/I-2025-0113.pdf,,Draft
I-2025-0114,O-2025-0114,278.25,https://cdn.paperdemo.io/invoices/I-2025-0114.pdf,2025-09-26T23:20:06,Sent
I-2025-0115,O-2025-0115,4925.25,https://cdn.paperdemo.io/invoices/I-2025-0115.pdf,2025-10-21T19:49:01,Sent
I-2025-0116,O-2025-0116,68.5,https://files.example.com/invoices/I-2025-0116.pdf,,Draft
I-2025-0117,O-2025-0117,244.64,https://blob.example.net/invoices/I-2025-0117.pdf,2025-09-20T09:41:46,Sent
I-2025-0118,O-2025-0118,5965.12,https://files.example.com/invoices/I-2025-0118.pdf,,Draft
I-2025-0119,O-2025-0119,300.38,https://files.example.com/invoices/I-2025-0119.pdf,2025-07-25T15:48:02,Sent
I-2025-0120,O-2025-0120,5719.86,https://cdn.paperdemo.io/invoices/I-2025-0120.pdf,2025-09-26T16:37:29,Sent
I-2025-0121,O-2025-0121,108.35,https://files.example.com/invoices/I-2025-0121.pdf,2025-08-19T18:16:43,Sent
I-2025-0122,O-2025-0122,75.27,https://cdn.paperdemo.io/invoices/I-2025-0122.pdf,2025-10-06T17:07:21,Sent
I-2025-0123,O-2025-0123,1324.62,https://blob.example.net/invoices/I-2025-0123.pdf,2025-09-02T18:54:24,Sent
I-2025-0124,O-2025-0124,191.4,https://files.example.com/invoices/I-2025-0124.pdf,2025-09-01T03:28:38,Sent
I-2025-0125,O-2025-0125,306.72,https://cdn.paperdemo.io/invoices/I-2025-0125.pdf,2025-07-24T07:13:13,Sent
I-2025-0126,O-2025-0126,1943.32,https://files.example.com/invoices/I-2025-0126.pdf,2025-08-08T13:38:35,Sent
I-2025-0127,O-2025-0127,225.08,https://cdn.paperdemo.io/invoices/I-2025-0127.pdf,2025-09-24T05:58:48,Sent
I-2025-0128,O-2025-0128,159.25,https://files.example.com/invoices/I-2025-0128.pdf,,Draft
I-2025-0129,O-2025-0129,142.4,https://files.example.com/invoices/I-2025-0129.pdf,,Draft
I-2025-0130,O-2025-0130,911.26,https://files.example.com/invoices/I-2025-0130.pdf,2025-10-19T14:57:22,Sent
I-2025-0131,O-2025-0131,310.8,https://blob.example.net/invoices/I-2025-0131.pdf,2025-07-29T05:30:37,Sent
I-2025-0132,O-2025-0132,124.83,https://files.example.com/invoices/I-2025-0132.pdf,2025-08-17T19:47:29,Sent
I-2025-0133,O-2025-0133,75.35,https://blob.example.net/invoices/I-2025-0133.pdf,,Draft
I-2025-0134,O-2025-0134,55.6,https://files.example.com/invoices/I-2025-0134.pdf,2025-10-19T16:47:43,Sent
I-2025-0135,O-2025-0135,244.44,https://blob.example.net/invoices/I-2025-0135.pdf,2025-08-09T20:12:28,Sent
I-2025-0136,O-2025-0136,1491.28,https://blob.example.net/invoices/I-2025-0136.pdf,,Draft
I-2025-0137,O-2025-0137,170.0,https://files.example.com/invoices/I-2025-0137.pdf,2025-07-23T21:41:33,Sent
I-2025-0138,O-2025-0138,278.96,https://files.example.com/invoices/I-2025-0138.pdf,2025-10-13T07:19:26,Sent
I-2025-0139,O-2025-0139,560.2,https://blob.example.net/invoices/I-2025-0139.pdf,2025-08-14T07:10:29,Sent
I-2025-0140,O-2025-0140,7292.52,https://cdn.paperdemo.io/invoices/I-2025-0140.pdf,2025-09-30T18:59:10,Sent
I-2025-0141,O-2025-0141,62.64,https://files.example.com/invoices/I-2025-0141.pdf,2025-08-22T19:37:48,Sent
I-2025-0142,O-2025-0142,3415.02,https://blob.example.net/invoices/I-2025-0142.pdf,2025-08-03T10:27:25,Sent
I-2025-0143,O-2025-0143,3145.74,https://blob.example.net/invoices/I-2025-0143.pdf,,Draft
I-2025-0144,O-2025-0144,2575.88,https://cdn.paperdemo.io/invoices/I-2025-0144.pdf,,Draft
I-2025-0145,O-2025-0145,276.26,https://blob.example.net/invoices/I-2025-0145.pdf,2025-09-11T02:39:50,Sent
I-2025-0146,O-2025-0146,951.36,https://cdn.paperdemo.io/invoices/I-2025-0146.pdf,2025-09-18T19:14:43,Sent
I-2025-0147,O-2025-0147,1956.24,https://blob.example.net/invoices/I-2025-0147.pdf,2025-10-08T09:02:02,Sent
I-2025-0148,O-2025-0148,3221.22,https://files.example.com/invoices/I-2025-0148.pdf,2025-08-14T19:06:38,Sent
I-2025-0149,O-2025-0149,248.08,https://files.example.com/invoices/I-2025-0149.pdf,2025-10-16T08:36:37,Sent
I-2025-0150,O-2025-0150,431.04,https://cdn.paperdemo.io/invoices/I-2025-0150.pdf,2025-08-17T07:25:18,Sent
I-2025-0151,O-2025-0151,114.24,https://files.example.com/invoices/I-2025-0151.pdf,2025-09-03T13:06:26,Sent
I-2025-0152,O-2025-0152,361.5,https://blob.example.net/invoices/I-2025-0152.pdf,2025-09-13T03:10:01,Sent
I-2025-0153,O-2025-0153,261.5,https://cdn.paperdemo.io/invoices/I-2025-0153.pdf,,Draft
I-2025-0154,O-2025-0154,52.32,https://files.example.com/invoices/I-2025-0154.pdf,2025-10-05T23:56:25,Sent
I-2025-0155,O-2025-0155,170.17,https://files.example.com/invoices/I-2025-0155.pdf,2025-09-28T03:27:58,Sent
I-2025-0156,O-2025-0156,637.33,https://files.example.com/invoices/I-2025-0156.pdf,2025-09-13T06:15:18,Sent
I-2025-0157,O-2025-0157,2858.0,https://cdn.paperdemo.io/invoices/I-2025-0157.pdf,2025-10-04T17:13:51,Sent
I-2025-0158,O-2025-0158,1740.57,https://blob.example.net/invoices/I-2025-0158.pdf,2025-10-09T00:28:31,Sent
I-2025-0159,O-2025-0159,289.8,https://blob.example.net/invoices/I-2025-0159.pdf,2025-09-25T10:24:16,Sent
I-2025-0160,O-2025-0160,546.26,https://files.example.com/invoices/I-2025-0160.pdf,2025-09-20T08:54:11,Sent
I-2025-0161,O-2025-0161,230.83,https://files.example.com/invoices/I-2025-0161.pdf,,Draft
I-2025-0162,O-2025-0162,187.74,https://blob.example.net/invoices/I-2025-0162.pdf,,Draft
I-2025-0163,O-2025-0163,188.5,https://blob.example.net/invoices/I-2025-0163.pdf,2025-08-15T01:30:32,Sent
I-2025-0164,O-2025-0164,227.9,https://cdn.paperdemo.io/invoices/I-2025-0164.pdf,2025-09-22T12:25:27,Sent
I-2025-0165,O-2025-0165,291.72,https://cdn.paperdemo.io/invoices/I-2025-0165.pdf,2025-10-07T03:32:33,Sent
I-2025-0166,O-2025-0166,242.0,https://cdn.paperdemo.io/invoices/I-2025-0166.pdf,,Draft
I-2025-0167,O-2025-0167,250.12,https://cdn.paperdemo.io/invoices/I-2025-0167.pdf,,Draft
I-2025-0168,O-2025-0168,181.65,https://files.example.com/invoices/I-2025-0168.pdf,2025-09-19T18:37:18,Sent
I-2025-0169,O-2025-0169,106.56,https://blob.example.net/invoices/I-2025-0169.pdf,2025-08-18T04:18:17,Sent
I-2025-0170,O-2025-0170,333.06,https://files.example.com/invoices/I-2025-0170.pdf,2025-08-27T03:23:37,Sent
I-2025-0171,O-2025-0171,5925.7,https://cdn.paperdemo.io/invoices/I-2025-0171.pdf,2025-08-06T19:58:46,Sent
I-2025-0172,O-2025-0172,2039.88,https://cdn.paperdemo.io/invoices/I-2025-0172.pdf,2025-10-17T06:54:20,Sent
I-2025-0173,O-2025-0173,367.54,https://cdn.paperdemo.io/invoices/I-2025-0173.pdf,2025-07-26T15:32:46,Sent
I-2025-0174,O-2025-0174,1244.56,https://cdn.paperdemo.io/invoices/I-2025-0174.pdf,2025-08-06T16:16:59,Sent
I-2025-0175,O-2025-0175,183.77,https://blob.example.net/invoices/I-2025-0175.pdf,2025-08-28T13:00:22,Sent
I-2025-0176,O-2025-0176,333.9,https://files.example.com/invoices/I-2025-0176.pdf,,Draft
I-2025-0177,O-2025-0177,2464.68,https://cdn.paperdemo.io/invoices/I-2025-0177.pdf,,Draft
I-2025-0178,O-2025-0178,232.56,https://blob.example.net/invoices/I-2025-0178.pdf,2025-09-18T09:39:54,Sent
I-2025-0179,O-2025-0179,368.22,https://cdn.paperdemo.io/invoices/I-2025-0179.pdf,2025-08-05T01:30:50,Sent
I-2025-0180,O-2025-0180,1604.4,https://blob.example.net/invoices/I-2025-0180.pdf,2025-09-19T03:41:10,Sent
I-2025-0181,O-2025-0181,1296.38,https://blob.example.net/invoices/I-2025-0181.pdf,2025-09-01T00:12:23,Sent
I-2025-0182,O-2025-0182,319.92,https://cdn.paperdemo.io/invoices/I-2025-0182.pdf,2025-10-14T09:56:58,Sent
I-2025-0183,O-2025-0183,287.86,https://files.example.com/invoices/I-2025-0183.pdf,2025-10-06T08:52:35,Sent
I-2025-0184,O-2025-0184,977.74,https://files.example.com/invoices/I-2025-0184.pdf,,Draft
I-2025-0185,O-2025-0185,2751.96,https://files.example.com/invoices/I-2025-0185.pdf,2025-08-26T07:50:37,Sent
I-2025-0186,O-2025-0186,6180.64,https://blob.example.net/invoices/I-2025-0186.pdf,2025-08-26T13:44:59,Sent
I-2025-0187,O-2025-0187,591.25,https://blob.example.net/invoices/I-2025-0187.pdf,2025-09-10T02:09:02,Sent
I-2025-0188,O-2025-0188,213.12,https://cdn.paperdemo.io/invoices/I-2025-0188.pdf,,Draft
I-2025-0189,O-2025-0189,77.91,https://files.example.com/invoices/I-2025-0189.pdf,2025-10-03T06:47:09,Sent
I-2025-0190,O-2025-0190,5451.74,https://blob.example.net/invoices/I-2025-0190.pdf,2025-10-01T07:52:41,Sent
I-2025-0191,O-2025-0191,172.8,https://blob.example.net/invoices/I-2025-0191.pdf,2025-09-03T00:34:07,Sent
I-2025-0192,O-2025-0192,643.54,https://cdn.paperdemo.io/invoices/I-2025-0192.pdf,,Draft
I-2025-0193,O-2025-0193,158.25,https://cdn.paperdemo.io/invoices/I-2025-0193.pdf,2025-09-24T04:18:43,Sent
I-2025-0194,O-2025-0194,381.6,https://files.example.com/invoices/I-2025-0194.pdf,2025-08-07T18:32:51,Sent
I-2025-0195,O-2025-0195,4974.2,https://blob.example.net/invoices/I-2025-0195.pdf,2025-09-23T06:11:05,Sent
I-2025-0196,O-2025-0196,202.42,https://blob.example.net/invoices/I-2025-0196.pdf,,Draft
I-2025-0197,O-2025-0197,142.63,https://blob.example.net/invoices/I-2025-0197.pdf,,Draft
I-2025-0198,O-2025-0198,1132.56,https://blob.example.net/invoices/I-2025-0198.pdf,2025-07-28T02:15:20,Sent
I-2025-0199,O-2025-0199,211.4,https://files.example.com/invoices/I-2025-0199.pdf,2025-07-30T07:32:21,Sent
I-2025-0200,O-2025-0200,1577.46,https://cdn.paperdemo.io/invoices/I-2025-0200.pdf,2025-08-31T23:37:48,Sent
I-2025-0201,O-2025-0201,3083.96,https://blob.example.net/invoices/I-2025-0201.pdf,2025-09-11T17:53:59,Sent
I-2025-0202,O-2025-0202,635.54,https://cdn.paperdemo.io/invoices/I-2025-0202.pdf,2025-08-17T01:44:52,Sent
I-2025-0203,O-2025-0203,2058.6,https://files.example.com/invoices/I-2025-0203.pdf,,Draft
I-2025-0204,O-2025-0204,251.7,https://files.example.com/invoices/I-2025-0204.pdf,2025-10-11T05:16:15,Sent
I-2025-0205,O-2025-0205,55.32,https://cdn.paperdemo.io/invoices/I-2025-0205.pdf,,Draft
I-2025-0206,O-2025-0206,2754.24,https://cdn.paperdemo.io/invoices/I-2025-0206.pdf,2025-08-08T04:56:53,Sent
I-2025-0207,O-2025-0207,5274.34,https://blob.example.net/invoices/I-2025-0207.pdf,2025-08-08T16:00:39,Sent
I-2025-0208,O-2025-0208,261.45,https://blob.example.net/invoices/I-2025-0208.pdf,2025-10-10T00:07:30,Sent
I-2025-0209,O-2025-0209,43.2,https://blob.example.net/invoices/I-2025-0209.pdf,,Draft
I-2025-0210,O-2025-0210,157.32,https://cdn.paperdemo.io/invoices/I-2025-0210.pdf,2025-10-04T07:10:52,Sent
I-2025-0211,O-2025-0211,314.9,https://files.example.com/invoices/I-2025-0211.pdf,2025-10-18T18:50:55,Sent
I-2025-0212,O-2025-0212,124.48,https://cdn.paperdemo.io/invoices/I-2025-0212.pdf,2025-09-10T11:08:22,Sent
I-2025-0213,O-2025-0213,146.52,https://files.example.com/invoices/I-2025-0213.pdf,,Draft
I-2025-0214,O-2025-0214,355.47,https://files.example.com/invoices/I-2025-0214.pdf,,Draft
I-2025-0215,O-2025-0215,256.8,https://blob.example.net/invoices/I-2025-0215.pdf,,Draft
I-2025-0216,O-2025-0216,373.12,https://files.example.com/invoices/I-2025-0216.pdf,2025-09-07T00:46:51,Sent
I-2025-0217,O-2025-0217,135.9,https://blob.example.net/invoices/I-2025-0217.pdf,,Draft
I-2025-0218,O-2025-0218,126.73,https://files.example.com/invoices/I-2025-0218.pdf,,Draft
I-2025-0219,O-2025-0219,216.07,https://files.example.com/invoices/I-2025-0219.pdf,2025-09-03T08:46:19,Sent
I-2025-0220,O-2025-0220,1638.6,https://blob.example.net/invoices/I-2025-0220.pdf,,Draft
I-2025-0221,O-2025-0221,57.89,https://cdn.paperdemo.io/invoices/I-2025-0221.pdf,,Draft
I-2025-0222,O-2025-0222,712.05,https://files.example.com/invoices/I-2025-0222.pdf,,Draft
I-2025-0223,O-2025-0223,268.56,https://files.example.com/invoices/I-2025-0223.pdf,2025-10-20T15:56:17,Sent
I-2025-0224,O-2025-0224,2811.05,https://cdn.paperdemo.io/invoices/I-2025-0224.pdf,2025-09-21T23:02:55,Sent
I-2025-0225,O-2025-0225,232.2,https://blob.example.net/invoices/I-2025-0225.pdf,2025-09-10T20:41:39,Sent
I-2025-0226,O-2025-0226,60.0,https://cdn.paperdemo.io/invoices/I-2025-0226.pdf,2025-08-24T20:03:35,Sent
I-2025-0227,O-2025-0227,113.39,https://cdn.paperdemo.io/invoices/I-2025-0227.pdf,2025-08-09T22:26:13,Sent
I-2025-0228,O-2025-0228,325.92,https://files.example.com/invoices/I-2025-0228.pdf,2025-10-13T00:23:41,Sent
I-2025-0229,O-2025-0229,1220.59,https://blob.example.net/invoices/I-2025-0229.pdf,,Draft
I-2025-0230,O-2025-0230,2798.25,https://cdn.paperdemo.io/invoices/I-2025-0230.pdf,2025-09-19T08:48:27,Sent
I-2025-0231,O-2025-0231,185.0,https://blob.example.net/invoices/I-2025-0231.pdf,,Draft
I-2025-0232,O-2025-0232,3610.46,https://blob.example.net/invoices/I-2025-0232.pdf,,Draft
I-2025-0233,O-2025-0233,141.0,https://files.example.com/invoices/I-2025-0233.pdf,,Draft
I-2025-0234,O-2025-0234,262.96,https://cdn.paperdemo.io/invoices/I-2025-0234.pdf,,Draft
I-2025-0235,O-2025-0235,2581.92,https://cdn.paperdemo.io/invoices/I-2025-0235.pdf,2025-10-21T15:26:35,Sent
I-2025-0236,O-2025-0236,5334.7,https://cdn.paperdemo.io/invoices/I-2025-0236.pdf,2025-08-15T01:03:31,Sent
I-2025-0237,O-2025-0237,1130.96,https://blob.example.net/invoices/I-2025-0237.pdf,2025-08-11T12:40:22,Sent
I-2025-0238,O-2025-0238,126.62,https://blob.example.net/invoices/I-2025-0238.pdf,,Draft
I-2025-0239,O-2025-0239,1556.67,https://blob.example.net/invoices/I-2025-0239.pdf,2025-09-21T07:32:53,Sent
I-2025-0240,O-2025-0240,445.44,https://files.example.com/invoices/I-2025-0240.pdf,,Draft
I-2025-0241,O-2025-0241,227.8,https://cdn.paperdemo.io/invoices/I-2025-0241.pdf,2025-10-17T04:01:36,Sent
I-2025-0242,O-2025-0242,183.68,https://files.example.com/invoices/I-2025-0242.pdf,2025-10-04T02:01:13,Sent
I-2025-0243,O-2025-0243,144.69,https://blob.example.net/invoices/I-2025-0243.pdf,2025-08-20T23:22:16,Sent
I-2025-0244,O-2025-0244,136.8,https://files.example.com/invoices/I-2025-0244.pdf,2025-08-04T21:15:06,Sent
I-2025-0245,O-2025-0245,141.36,https://blob.example.net/invoices/I-2025-0245.pdf,,Draft
I-2025-0246,O-2025-0246,226.2,https://files.example.com/invoices/I-2025-0246.pdf,,Draft
I-2025-0247,O-2025-0247,174.9,https://blob.example.net/invoices/I-2025-0247.pdf,2025-10-21T17:18:29,Sent
I-2025-0248,O-2025-0248,6435.2,https://files.example.com/invoices/I-2025-0248.pdf,2025-08-17T19:29:56,Sent
I-2025-0249,O-2025-0249,89.04,https://files.example.com/invoices/I-2025-0249.pdf,,Draft
I-2025-0250,O-2025-0250,58.96,https://cdn.paperdemo.io/invoices/I-2025-0250.pdf,2025-08-26T08:04:32,Sent
I-2025-0251,O-2025-0251,2790.9,https://blob.example.net/invoices/I-2025-0251.pdf,2025-09-29T22:26:15,Sent
I-2025-0252,O-2025-0252,197.28,https://blob.example.net/invoices/I-2025-0252.pdf,2025-10-11T20:23:27,Sent
I-2025-0253,O-2025-0253,299.46,https://blob.example.net/invoices/I-2025-0253.pdf,2025-08-16T19:17:24,Sent
I-2025-0254,O-2025-0254,261.72,https://blob.example.net/invoices/I-2025-0254.pdf,2025-09-12T03:43:51,Sent
I-2025-0255,O-2025-0255,457.56,https://cdn.paperdemo.io/invoices/I-2025-0255.pdf,2025-10-06T23:44:53,Sent
I-2025-0256,O-2025-0256,3894.1,https://blob.example.net/invoices/I-2025-0256.pdf,2025-08-12T14:31:05,Sent
I-2025-0257,O-2025-0257,3210.24,https://blob.example.net/invoices/I-2025-0257.pdf,,Draft
I-2025-0258,O-2025-0258,1064.08,https://blob.example.net/invoices/I-2025-0258.pdf,2025-10-09T21:23:18,Sent
I-2025-0259,O-2025-0259,423.85,https://cdn.paperdemo.io/invoices/I-2025-0259.pdf,2025-07-30T12:22:31,Sent
I-2025-0260,O-2025-0260,147.75,https://files.example.com/invoices/I-2025-0260.pdf,2025-08-23T20:26:57,Sent
I-2025-0261,O-2025-0261,96.88,https://blob.example.net/invoices/I-2025-0261.pdf,2025-08-17T20:23:37,Sent
I-2025-0262,O-2025-0262,228.93,https://blob.example.net/invoices/I-2025-0262.pdf,2025-08-23T14:54:44,Sent
I-2025-0263,O-2025-0263,390.32,https://files.example.com/invoices/I-2025-0263.pdf,2025-09-03T04:29:54,Sent
I-2025-0264,O-2025-0264,33.5,https://cdn.paperdemo.io/invoices/I-2025-0264.pdf,2025-09-01T06:18:43,Sent
I-2025-0265,O-2025-0265,289.71,https://files.example.com/invoices/I-2025-0265.pdf,2025-09-02T18:24:06,Sent
I-2025-0266,O-2025-0266,223.65,https://files.example.com/invoices/I-2025-0266.pdf,2025-09-06T03:19:31,Sent
I-2025-0267,O-2025-0267,325.05,https://files.example.com/invoices/I-2025-0267.pdf,2025-07-26T11:58:38,Sent
I-2025-0268,O-2025-0268,4148.26,https://cdn.paperdemo.io/invoices/I-2025-0268.pdf,2025-08-06T23:57:41,Sent
I-2025-0269,O-2025-0269,3090.32,https://files.example.com/invoices/I-2025-0269.pdf,2025-07-24T05:59:13,Sent
I-2025-0270,O-2025-0270,3129.66,https://files.example.com/invoices/I-2025-0270.pdf,2025-09-02T18:24:15,Sent
I-2025-0271,O-2025-0271,411.84,https://cdn.paperdemo.io/invoices/I-2025-0271.pdf,,Draft
I-2025-0272,O-2025-0272,157.44,https://cdn.paperdemo.io/invoices/I-2025-0272.pdf,2025-09-06T18:31:04,Sent
I-2025-0273,O-2025-0273,3138.66,https://blob.example.net/invoices/I-2025-0273.pdf,,Draft
I-2025-0274,O-2025-0274,114.45,https://cdn.paperdemo.io/invoices/I-2025-0274.pdf,2025-10-01T09:49:21,Sent
I-2025-0275,O-2025-0275,2356.97,https://blob.example.net/invoices/I-2025-0275.pdf,2025-08-02T04:14:22,Sent
I-2025-0276,O-2025-0276,289.2,https://blob.example.net/invoices/I-2025-0276.pdf,2025-08-02T18:48:50,Sent
I-2025-0277,O-2025-0277,58.32,https://blob.example.net/invoices/I-2025-0277.pdf,2025-09-16T03:34:44,Sent
I-2025-0278,O-2025-0278,1506.12,https://blob.example.net/invoices/I-2025-0278.pdf,2025-09-15T13:43:05,Sent
I-2025-0279,O-2025-0279,646.65,https://cdn.paperdemo.io/invoices/I-2025-0279.pdf,2025-07-24T10:59:39,Sent
I-2025-0280,O-2025-0280,215.67,https://files.example.com/invoices/I-2025-0280.pdf,,Draft
I-2025-0281,O-2025-0281,54.21,https://cdn.paperdemo.io/invoices/I-2025-0281.pdf,,Draft
I-2025-0282,O-2025-0282,178.4,https://cdn.paperdemo.io/invoices/I-2025-0282.pdf,2025-09-27T04:43:17,Sent
I-2025-0283,O-2025-0283,534.66,https://blob.example.net/invoices/I-2025-0283.pdf,2025-09-24T19:39:47,Sent
I-2025-0284,O-2025-0284,72.63,https://blob.example.net/invoices/I-2025-0284.pdf,2025-08-21T15:16:26,Sent
I-2025-0285,O-2025-0285,5965.12,https://cdn.paperdemo.io/invoices/I-2025-0285.pdf,2025-08-12T02:22:14,Sent
I-2025-0286,O-2025-0286,365.7,https://files.example.com/invoices/I-2025-0286.pdf,,Draft
I-2025-0287,O-2025-0287,113.4,https://files.example.com/invoices/I-2025-0287.pdf,2025-09-10T08:48:01,Sent
I-2025-0288,O-2025-0288,145.44,https://files.example.com/invoices/I-2025-0288.pdf,2025-08-16T01:18:23,Sent
I-2025-0289,O-2025-0289,551.08,https://blob.example.net/invoices/I-2025-0289.pdf,2025-10-02T13:03:25,Sent
I-2025-0290,O-2025-0290,479.04,https://files.example.com/invoices/I-2025-0290.pdf,2025-09-21T01:59:30,Sent
I-2025-0291,O-2025-0291,443.7,https://cdn.paperdemo.io/invoices/I-2025-0291.pdf,2025-09-02T20:34:13,Sent
I-2025-0292,O-2025-0292,51.9,https://blob.example.net/invoices/I-2025-0292.pdf,2025-08-23T22:47:58,Sent
I-2025-0293,O-2025-0293,5654.8,https://files.example.com/invoices/I-2025-0293.pdf,,Draft
I-2025-0294,O-2025-0294,7002.8,https://cdn.paperdemo.io/invoices/I-2025-0294.pdf,2025-10-19T21:36:51,Sent
I-2025-0295,O-2025-0295,567.8,https://files.example.com/invoices/I-2025-0295.pdf,2025-09-25T17:43:16,Sent
I-2025-0296,O-2025-0296,73.15,https://files.example.com/invoices/I-2025-0296.pdf,2025-10-02T00:16:03,Sent
I-2025-0297,O-2025-0297,111.67,https://files.example.com/invoices/I-2025-0297.pdf,2025-08-01T00:57:12,Sent
I-2025-0298,O-2025-0298,2248.84,https://files.example.com/invoices/I-2025-0298.pdf,2025-09-25T10:58:06,Sent
I-2025-0299,O-2025-0299,1222.2,https://cdn.paperdemo.io/invoices/I-2025-0299.pdf,2025-10-11T04:16:10,Sent
I-2025-0300,O-2025-0300,272.02,https://cdn.paperdemo.io/invoices/I-2025-0300.pdf,2025-08-11T15:20:33,Sent
I-2025-0301,O-2025-0301,407.04,https://files.example.com/invoices/I-2025-0301.pdf,2025-09-26T06:28:54,Sent
I-2025-0302,O-2025-0302,3976.47,https://files.example.com/invoices/I-2025-0302.pdf,2025-09-24T17:21:34,Sent
I-2025-0303,O-2025-0303,2086.34,https://cdn.paperdemo.io/invoices/I-2025-0303.pdf,2025-09-10T17:50:39,Sent
I-2025-0304,O-2025-0304,441.66,https://files.example.com/invoices/I-2025-0304.pdf,2025-08-22T05:13:00,Sent
I-2025-0305,O-2025-0305,180.4,https://blob.example.net/invoices/I-2025-0305.pdf,2025-09-07T05:07:42,Sent
I-2025-0306,O-2025-0306,1064.08,https://files.example.com/invoices/I-2025-0306.pdf,2025-10-20T17:21:03,Sent
I-2025-0307,O-2025-0307,40.02,https://files.example.com/invoices/I-2025-0307.pdf,2025-09-16T10:02:59,Sent
I-2025-0308,O-2025-0308,128.52,https://blob.example.net/invoices/I-2025-0308.pdf,2025-09-24T06:35:11,Sent
I-2025-0309,O-2025-0309,846.17,https://cdn.paperdemo.io/invoices/I-2025-0309.pdf,,Draft
I-2025-0310,O-2025-0310,1022.58,https://blob.example.net/invoices/I-2025-0310.pdf,2025-09-25T23:59:14,Sent
I-2025-0311,O-2025-0311,509.2,https://cdn.paperdemo.io/invoices/I-2025-0311.pdf,,Draft
I-2025-0312,O-2025-0312,1696.44,https://blob.example.net/invoices/I-2025-0312.pdf,2025-08-03T00:05:55,Sent
I-2025-0313,O-2025-0313,287.3,https://files.example.com/invoices/I-2025-0313.pdf,2025-07-30T18:35:23,Sent
I-2025-0314,O-2025-0314,1230.32,https://files.example.com/invoices/I-2025-0314.pdf,2025-08-15T13:15:24,Sent
I-2025-0315,O-2025-0315,203.68,https://cdn.paperdemo.io/invoices/I-2025-0315.pdf,,Draft
I-2025-0316,O-2025-0316,1651.2,https://blob.example.net/invoices/I-2025-0316.pdf,2025-09-24T18:44:22,Sent
I-2025-0317,O-2025-0317,31.5,https://cdn.paperdemo.io/invoices/I-2025-0317.pdf,2025-08-30T12:16:51,Sent
I-2025-0318,O-2025-0318,595.92,https://files.example.com/invoices/I-2025-0318.pdf,2025-07-23T18:17:16,Sent
I-2025-0319,O-2025-0319,125.4,https://files.example.com/invoices/I-2025-0319.pdf,2025-09-15T16:59:41,Sent
I-2025-0320,O-2025-0320,3351.81,https://files.example.com/invoices/I-2025-0320.pdf,,Draft
I-2025-0321,O-2025-0321,33.84,https://files.example.com/invoices/I-2025-0321.pdf,2025-08-08T04:30:40,Sent
I-2025-0322,O-2025-0322,77.22,https://files.example.com/invoices/I-2025-0322.pdf,2025-09-08T21:19:47,Sent
I-2025-0323,O-2025-0323,230.12,https://blob.example.net/invoices/I-2025-0323.pdf,2025-09-05T05:11:32,Sent
I-2025-0324,O-2025-0324,602.8,https://files.example.com/invoices/I-2025-0324.pdf,2025-10-06T02:26:38,Sent
I-2025-0325,O-2025-0325,26.7,https://files.example.com/invoices/I-2025-0325.pdf,,Draft
I-2025-0326,O-2025-0326,2225.28,https://files.example.com/invoices/I-2025-0326.pdf,,Draft
I-2025-0327,O-2025-0327,189.12,https://files.example.com/invoices/I-2025-0327.pdf,2025-10-17T16:13:57,Sent
I-2025-0328,O-2025-0328,118.98,https://blob.example.net/invoices/I-2025-0328.pdf,,Draft
I-2025-0329,O-2025-0329,1109.97,https://cdn.paperdemo.io/invoices/I-2025-0329.pdf,2025-10-04T21:28:58,Sent
I-2025-0330,O-2025-0330,189.0,https://blob.example.net/invoices/I-2025-0330.pdf,,Draft
I-2025-0331,O-2025-0331,232.9,https://blob.example.net/invoices/I-2025-0331.pdf,2025-08-22T02:53:36,Sent
I-2025-0332,O-2025-0332,122.72,https://cdn.paperdemo.io/invoices/I-2025-0332.pdf,2025-10-21T21:12:29,Sent
I-2025-0333,O-2025-0333,174.72,https://cdn.paperdemo.io/invoices/I-2025-0333.pdf,,Draft
I-2025-0334,O-2025-0334,5188.14,https://cdn.paperdemo.io/invoices/I-2025-0334.pdf,,Draft
I-2025-0335,O-2025-0335,1596.19,https://cdn.paperdemo.io/invoices/I-2025-0335.pdf,2025-07-24T07:37:04,Sent
I-2025-0336,O-2025-0336,297.57,https://cdn.paperdemo.io/invoices/I-2025-0336.pdf,,Draft
I-2025-0337,O-2025-0337,2474.34,https://blob.example.net/invoices/I-2025-0337.pdf,2025-08-06T02:00:02,Sent
I-2025-0338,O-2025-0338,4010.79,https://cdn.paperdemo.io/invoices/I-2025-0338.pdf,2025-08-31T07:21:05,Sent
I-2025-0339,O-2025-0339,425.92,https://cdn.paperdemo.io/invoices/I-2025-0339.pdf,2025-10-12T18:33:33,Sent
I-2025-0340,O-2025-0340,143.45,https://files.example.com/invoices/I-2025-0340.pdf,,Draft
I-2025-0341,O-2025-0341,42.06,https://blob.example.net/invoices/I-2025-0341.pdf,2025-10-20T22:04:54,Sent
I-2025-0342,O-2025-0342,3096.33,https://files.example.com/invoices/I-2025-0342.pdf,2025-07-29T21:31:15,Sent
I-2025-0343,O-2025-0343,4188.8,https://blob.example.net/invoices/I-2025-0343.pdf,2025-09-27T05:04:22,Sent
I-2025-0344,O-2025-0344,643.2,https://blob.example.net/invoices/I-2025-0344.pdf,2025-07-31T23:16:57,Sent
I-2025-0345,O-2025-0345,287.32,https://files.example.com/invoices/I-2025-0345.pdf,2025-07-31T07:03:38,Sent
I-2025-0346,O-2025-0346,81.46,https://files.example.com/invoices/I-2025-0346.pdf,,Draft
I-2025-0347,O-2025-0347,588.11,https://cdn.paperdemo.io/invoices/I-2025-0347.pdf,2025-07-30T20:23:56,Sent
I-2025-0348,O-2025-0348,89.05,https://blob.example.net/invoices/I-2025-0348.pdf,2025-07-31T12:21:59,Sent
I-2025-0349,O-2025-0349,5100.75,https://cdn.paperdemo.io/invoices/I-2025-0349.pdf,,Draft
I-2025-0350,O-2025-0350,1927.74,https://blob.example.net/invoices/I-2025-0350.pdf,2025-09-11T18:00:59,Sent
I-2025-0351,O-2025-0351,123.59,https://files.example.com/invoices/I-2025-0351.pdf,2025-08-30T21:46:42,Sent
I-2025-0352,O-2025-0352,696.78,https://blob.example.net/invoices/I-2025-0352.pdf,2025-10-02T00:30:14,Sent
I-2025-0353,O-2025-0353,91.13,https://files.example.com/invoices/I-2025-0353.pdf,2025-08-03T04:20:14,Sent
I-2025-0354,O-2025-0354,36.35,https://files.example.com/invoices/I-2025-0354.pdf,2025-09-28T02:47:23,Sent
I-2025-0355,O-2025-0355,209.82,https://cdn.paperdemo.io/invoices/I-2025-0355.pdf,,Draft
I-2025-0356,O-2025-0356,117.26,https://blob.example.net/invoices/I-2025-0356.pdf,,Draft
I-2025-0357,O-2025-0357,129.6,https://files.example.com/invoices/I-2025-0357.pdf,,Draft
I-2025-0358,O-2025-0358,275.66,https://blob.example.net/invoices/I-2025-0358.pdf,2025-09-01T04:17:04,Sent
I-2025-0359,O-2025-0359,165.0,https://cdn.paperdemo.io/invoices/I-2025-0359.pdf,2025-09-03T10:17:22,Sent
I-2025-0360,O-2025-0360,364.07,https://cdn.paperdemo.io/invoices/I-2025-0360.pdf,2025-08-19T08:46:10,Sent
I-2025-0361,O-2025-0361,330.96,https://cdn.paperdemo.io/invoices/I-2025-0361.pdf,,Draft
I-2025-0362,O-2025-0362,2116.53,https://files.example.com/invoices/I-2025-0362.pdf,2025-08-07T13:15:06,Sent
I-2025-0363,O-2025-0363,2392.32,https://cdn.paperdemo.io/invoices/I-2025-0363.pdf,2025-09-04T10:32:51,Sent
I-2025-0364,O-2025-0364,96.2,https://blob.example.net/invoices/I-2025-0364.pdf,2025-09-27T01:10:16,Sent
I-2025-0365,O-2025-0365,246.0,https://blob.example.net/invoices/I-2025-0365.pdf,2025-08-29T09:55:24,Sent
I-2025-0366,O-2025-0366,1931.91,https://files.example.com/invoices/I-2025-0366.pdf,2025-10-20T18:07:36,Sent
I-2025-0367,O-2025-0367,77.12,https://blob.example.net/invoices/I-2025-0367.pdf,2025-08-17T21:28:44,Sent
I-2025-0368,O-2025-0368,217.3,https://cdn.paperdemo.io/invoices/I-2025-0368.pdf,,Draft
I-2025-0369,O-2025-0369,260.3,https://files.example.com/invoices/I-2025-0369.pdf,2025-07-31T01:11:32,Sent
I-2025-0370,O-2025-0370,1245.6,https://files.example.com/invoices/I-2025-0370.pdf,,Draft
I-2025-0371,O-2025-0371,333.3,https://files.example.com/invoices/I-2025-0371.pdf,2025-10-02T21:57:48,Sent
I-2025-0372,O-2025-0372,62.55,https://blob.example.net/invoices/I-2025-0372.pdf,2025-08-26T17:32:11,Sent
I-2025-0373,O-2025-0373,140.58,https://blob.example.net/invoices/I-2025-0373.pdf,2025-08-17T12:18:50,Sent
I-2025-0374,O-2025-0374,564.97,https://files.example.com/invoices/I-2025-0374.pdf,2025-08-16T09:40:25,Sent
I-2025-0375,O-2025-0375,282.24,https://files.example.com/invoices/I-2025-0375.pdf,,Draft
I-2025-0376,O-2025-0376,2054.03,https://blob.example.net/invoices/I-2025-0376.pdf,,Draft
I-2025-0377,O-2025-0377,1399.0,https://blob.example.net/invoices/I-2025-0377.pdf,2025-09-03T15:23:28,Sent
I-2025-0378,O-2025-0378,231.2,https://cdn.paperdemo.io/invoices/I-2025-0378.pdf,,Draft
I-2025-0379,O-2025-0379,192.24,https://files.example.com/invoices/I-2025-0379.pdf,2025-09-05T11:11:39,Sent
I-2025-0380,O-2025-0380,2525.39,https://cdn.paperdemo.io/invoices/I-2025-0380.pdf,2025-09-13T07:41:08,Sent
I-2025-0381,O-2025-0381,3958.36,https://files.example.com/invoices/I-2025-0381.pdf,2025-08-30T12:58:03,Sent
I-2025-0382,O-2025-0382,2684.5,https://cdn.paperdemo.io/invoices/I-2025-0382.pdf,2025-08-21T18:33:10,Sent
I-2025-0383,O-2025-0383,89.28,https://cdn.paperdemo.io/invoices/I-2025-0383.pdf,,Draft
I-2025-0384,O-2025-0384,7477.56,https://files.example.com/invoices/I-2025-0384.pdf,,Draft
I-2025-0385,O-2025-0385,86.8,https://cdn.paperdemo.io/invoices/I-2025-0385.pdf,2025-08-09T20:11:45,Sent
I-2025-0386,O-2025-0386,222.6,https://cdn.paperdemo.io/invoices/I-2025-0386.pdf,,Draft
I-2025-0387,O-2025-0387,454.8,https://files.example.com/invoices/I-2025-0387.pdf,2025-09-04T00:40:39,Sent
I-2025-0388,O-2025-0388,255.36,https://files.example.com/invoices/I-2025-0388.pdf,2025-10-06T23:42:51,Sent
I-2025-0389,O-2025-0389,26.3,https://files.example.com/invoices/I-2025-0389.pdf,2025-09-19T15:43:21,Sent
I-2025-0390,O-2025-0390,256.1,https://blob.example.net/invoices/I-2025-0390.pdf,2025-10-20T12:51:58,Sent
I-2025-0391,O-2025-0391,479.88,https://cdn.paperdemo.io/invoices/I-2025-0391.pdf,,Draft
I-2025-0392,O-2025-0392,183.52,https://blob.example.net/invoices/I-2025-0392.pdf,,Draft
I-2025-0393,O-2025-0393,772.56,https://cdn.paperdemo.io/invoices/I-2025-0393.pdf,,Draft
I-2025-0394,O-2025-0394,153.14,https://blob.example.net/invoices/I-2025-0394.pdf,2025-08-09T11:15:18,Sent
I-2025-0395,O-2025-0395,543.66,https://blob.example.net/invoices/I-2025-0395.pdf,,Draft
I-2025-0396,O-2025-0396,23.85,https://cdn.paperdemo.io/invoices/I-2025-0396.pdf,2025-09-30T10:31:04,Sent
I-2025-0397,O-2025-0397,162.69,https://blob.example.net/invoices/I-2025-0397.pdf,2025-08-10T09:28:53,Sent
I-2025-0398,O-2025-0398,3267.0,https://blob.example.net/invoices/I-2025-0398.pdf,,Draft
I-2025-0399,O-2025-0399,863.94,https://files.example.com/invoices/I-2025-0399.pdf,2025-08-06T02:45:34,Sent
I-2025-0400,O-2025-0400,152.62,https://files.example.com/invoices/I-2025-0400.pdf,2025-08-11T14:21:39,Sent
I-2025-0401,O-2025-0401,389.98,https://blob.example.net/invoices/I-2025-0401.pdf,2025-08-13T07:08:22,Sent
I-2025-0402,O-2025-0402,714.08,https://blob.example.net/invoices/I-2025-0402.pdf,,Draft
I-2025-0403,O-2025-0403,4420.48,https://blob.example.net/invoices/I-2025-0403.pdf,2025-10-22T05:09:56,Sent
I-2025-0404,O-2025-0404,63.0,https://blob.example.net/invoices/I-2025-0404.pdf,2025-09-12T17:01:53,Sent
I-2025-0405,O-2025-0405,177.01,https://cdn.paperdemo.io/invoices/I-2025-0405.pdf,2025-08-26T15:49:51,Sent
I-2025-0406,O-2025-0406,2618.0,https://cdn.paperdemo.io/invoices/I-2025-0406.pdf,,Draft
I-2025-0407,O-2025-0407,62.46,https://cdn.paperdemo.io/invoices/I-2025-0407.pdf,2025-08-01T13:02:36,Sent
I-2025-0408,O-2025-0408,297.81,https://cdn.paperdemo.io/invoices/I-2025-0408.pdf,2025-10-17T20:27:24,Sent
I-2025-0409,O-2025-0409,129.27,https://files.example.com/invoices/I-2025-0409.pdf,2025-10-04T11:23:41,Sent
I-2025-0410,O-2025-0410,26.88,https://blob.example.net/invoices/I-2025-0410.pdf,2025-09-23T02:41:14,Sent
I-2025-0411,O-2025-0411,2406.28,https://cdn.paperdemo.io/invoices/I-2025-0411.pdf,,Draft
I-2025-0412,O-2025-0412,70.85,https://blob.example.net/invoices/I-2025-0412.pdf,,Draft
I-2025-0413,O-2025-0413,219.2,https://cdn.paperdemo.io/invoices/I-2025-0413.pdf,2025-09-25T13:49:24,Sent
I-2025-0414,O-2025-0414,238.28,https://blob.example.net/invoices/I-2025-0414.pdf,2025-08-31T12:16:08,Sent
I-2025-0415,O-2025-0415,377.3,https://cdn.paperdemo.io/invoices/I-2025-0415.pdf,2025-09-19T06:20:44,Sent
I-2025-0416,O-2025-0416,540.0,https://cdn.paperdemo.io/invoices/I-2025-0416.pdf,,Draft
I-2025-0417,O-2025-0417,2998.48,https://blob.example.net/invoices/I-2025-0417.pdf,,Draft
I-2025-0418,O-2025-0418,209.2,https://blob.example.net/invoices/I-2025-0418.pdf,,Draft
I-2025-0419,O-2025-0419,82.95,https://files.example.com/invoices/I-2025-0419.pdf,2025-09-08T16:33:35,Sent
I-2025-0420,O-2025-0420,107.9,https://cdn.paperdemo.io/invoices/I-2025-0420.pdf,,Draft
I-2025-0421,O-2025-0421,115.7,https://files.example.com/invoices/I-2025-0421.pdf,2025-10-02T17:25:22,Sent
I-2025-0422,O-2025-0422,248.16,https://cdn.paperdemo.io/invoices/I-2025-0422.pdf,2025-08-09T02:17:42,Sent
I-2025-0423,O-2025-0423,160.27,https://files.example.com/invoices/I-2025-0423.pdf,,Draft
I-2025-0424,O-2025-0424,206.77,https://files.example.com/invoices/I-2025-0424.pdf,2025-07-30T22:26:28,Sent
I-2025-0425,O-2025-0425,193.83,https://cdn.paperdemo.io/invoices/I-2025-0425.pdf,,Draft
I-2025-0426,O-2025-0426,28.7,https://files.example.com/invoices/I-2025-0426.pdf,2025-09-04T07:42:21,Sent
I-2025-0427,O-2025-0427,265.6,https://files.example.com/invoices/I-2025-0427.pdf,2025-08-18T12:20:09,Sent
I-2025-0428,O-2025-0428,170.15,https://cdn.paperdemo.io/invoices/I-2025-0428.pdf,2025-07-25T11:26:29,Sent
I-2025-0429,O-2025-0429,750.6,https://blob.example.net/invoices/I-2025-0429.pdf,2025-09-23T20:03:57,Sent
I-2025-0430,O-2025-0430,1976.44,https://blob.example.net/invoices/I-2025-0430.pdf,2025-07-25T12:48:55,Sent
I-2025-0431,O-2025-0431,509.85,https://files.example.com/invoices/I-2025-0431.pdf,,Draft
I-2025-0432,O-2025-0432,293.97,https://cdn.paperdemo.io/invoices/I-2025-0432.pdf,,Draft
I-2025-0433,O-2025-0433,112.08,https://files.example.com/invoices/I-2025-0433.pdf,2025-10-20T12:07:48,Sent
I-2025-0434,O-2025-0434,1188.81,https://blob.example.net/invoices/I-2025-0434.pdf,2025-07-30T14:14:59,Sent
I-2025-0435,O-2025-0435,403.5,https://files.example.com/invoices/I-2025-0435.pdf,2025-09-15T03:38:31,Sent
I-2025-0436,O-2025-0436,2039.88,https://blob.example.net/invoices/I-2025-0436.pdf,2025-08-23T12:29:02,Sent
I-2025-0437,O-2025-0437,347.1,https://cdn.paperdemo.io/invoices/I-2025-0437.pdf,2025-09-13T20:46:43,Sent
I-2025-0438,O-2025-0438,2927.64,https://cdn.paperdemo.io/invoices/I-2025-0438.pdf,,Draft
I-2025-0439,O-2025-0439,4010.79,https://files.example.com/invoices/I-2025-0439.pdf,2025-10-04T14:43:37,Sent
I-2025-0440,O-2025-0440,686.2,https://files.example.com/invoices/I-2025-0440.pdf,,Draft
I-2025-0441,O-2025-0441,112.45,https://blob.example.net/invoices/I-2025-0441.pdf,2025-09-11T11:53:21,Sent
I-2025-0442,O-2025-0442,1396.36,https://files.example.com/invoices/I-2025-0442.pdf,2025-08-25T01:44:53,Sent
I-2025-0443,O-2025-0443,130.8,https://files.example.com/invoices/I-2025-0443.pdf,,Draft
I-2025-0444,O-2025-0444,148.4,https://blob.example.net/invoices/I-2025-0444.pdf,2025-10-07T18:32:46,Sent
I-2025-0445,O-2025-0445,3219.3,https://cdn.paperdemo.io/invoices/I-2025-0445.pdf,,Draft
I-2025-0446,O-2025-0446,493.4,https://cdn.paperdemo.io/invoices/I-2025-0446.pdf,2025-10-04T13:14:32,Sent
I-2025-0447,O-2025-0447,365.4,https://cdn.paperdemo.io/invoices/I-2025-0447.pdf,,Draft
I-2025-0448,O-2025-0448,121.8,https://blob.example.net/invoices/I-2025-0448.pdf,2025-09-15T13:13:33,Sent
I-2025-0449,O-2025-0449,78.91,https://blob.example.net/invoices/I-2025-0449.pdf,2025-09-17T20:27:53,Sent
I-2025-0450,O-2025-0450,3904.14,https://files.example.com/invoices/I-2025-0450.pdf,2025-09-10T05:09:58,Sent
I-2025-0451,O-2025-0451,2066.58,https://cdn.paperdemo.io/invoices/I-2025-0451.pdf,2025-08-09T02:22:21,Sent
I-2025-0452,O-2025-0452,265.68,https://blob.example.net/invoices/I-2025-0452.pdf,,Draft
I-2025-0453,O-2025-0453,99.0,https://cdn.paperdemo.io/invoices/I-2025-0453.pdf,,Draft
I-2025-0454,O-2025-0454,201.75,https://blob.example.net/invoices/I-2025-0454.pdf,2025-08-14T13:19:38,Sent
I-2025-0455,O-2025-0455,84.5,https://files.example.com/invoices/I-2025-0455.pdf,2025-07-30T05:25:59,Sent
I-2025-0456,O-2025-0456,114.24,https://cdn.paperdemo.io/invoices/I-2025-0456.pdf,,Draft
I-2025-0457,O-2025-0457,31.57,https://blob.example.net/invoices/I-2025-0457.pdf,2025-08-20T12:02:14,Sent
I-2025-0458,O-2025-0458,143.85,https://cdn.paperdemo.io/invoices/I-2025-0458.pdf,2025-09-10T23:34:56,Sent
I-2025-0459,O-2025-0459,1703.4,https://blob.example.net/invoices/I-2025-0459.pdf,2025-09-11T00:11:17,Sent
I-2025-0460,O-2025-0460,3465.6,https://blob.example.net/invoices/I-2025-0460.pdf,2025-09-22T22:33:03,Sent
I-2025-0461,O-2025-0461,488.56,https://blob.example.net/invoices/I-2025-0461.pdf,,Draft
I-2025-0462,O-2025-0462,174.6,https://blob.example.net/invoices/I-2025-0462.pdf,2025-09-05T19:02:36,Sent
I-2025-0463,O-2025-0463,171.8,https://cdn.paperdemo.io/invoices/I-2025-0463.pdf,,Draft
I-2025-0464,O-2025-0464,2147.6,https://cdn.paperdemo.io/invoices/I-2025-0464.pdf,2025-08-08T07:54:47,Sent
I-2025-0465,O-2025-0465,681.75,https://files.example.com/invoices/I-2025-0465.pdf,2025-10-10T10:13:10,Sent
I-2025-0466,O-2025-0466,166.32,https://blob.example.net/invoices/I-2025-0466.pdf,2025-07-31T03:10:20,Sent
I-2025-0467,O-2025-0467,412.49,https://cdn.paperdemo.io/invoices/I-2025-0467.pdf,2025-10-15T14:33:02,Sent
I-2025-0468,O-2025-0468,1755.6,https://blob.example.net/invoices/I-2025-0468.pdf,2025-08-16T09:13:13,Sent
I-2025-0469,O-2025-0469,129.92,https://blob.example.net/invoices/I-2025-0469.pdf,,Draft
I-2025-0470,O-2025-0470,1558.08,https://cdn.paperdemo.io/invoices/I-2025-0470.pdf,,Draft
I-2025-0471,O-2025-0471,111.72,https://blob.example.net/invoices/I-2025-0471.pdf,2025-07-23T13:32:58,Sent
I-2025-0472,O-2025-0472,121.59,https://files.example.com/invoices/I-2025-0472.pdf,,Draft
I-2025-0473,O-2025-0473,313.28,https://files.example.com/invoices/I-2025-0473.pdf,2025-09-28T00:06:33,Sent
I-2025-0474,O-2025-0474,55.12,https://blob.example.net/invoices/I-2025-0474.pdf,2025-09-29T23:57:57,Sent
I-2025-0475,O-2025-0475,3882.06,https://blob.example.net/invoices/I-2025-0475.pdf,2025-07-23T22:52:54,Sent
I-2025-0476,O-2025-0476,101.78,https://blob.example.net/invoices/I-2025-0476.pdf,,Draft
I-2025-0477,O-2025-0477,1394.9,https://blob.example.net/invoices/I-2025-0477.pdf,2025-10-09T22:06:18,Sent
I-2025-0478,O-2025-0478,107.78,https://files.example.com/invoices/I-2025-0478.pdf,2025-09-02T05:20:05,Sent
I-2025-0479,O-2025-0479,2117.34,https://files.example.com/invoices/I-2025-0479.pdf,2025-10-11T12:40:12,Sent
I-2025-0480,O-2025-0480,361.5,https://cdn.paperdemo.io/invoices/I-2025-0480.pdf,2025-09-01T05:18:20,Sent
I-2025-0481,O-2025-0481,107.16,https://blob.example.net/invoices/I-2025-0481.pdf,2025-08-16T09:05:14,Sent
I-2025-0482,O-2025-0482,242.42,https://files.example.com/invoices/I-2025-0482.pdf,2025-08-08T12:16:35,Sent
I-2025-0483,O-2025-0483,123.59,https://cdn.paperdemo.io/invoices/I-2025-0483.pdf,2025-09-08T19:18:03,Sent
I-2025-0484,O-2025-0484,107.28,https://files.example.com/invoices/I-2025-0484.pdf,2025-10-10T18:39:12,Sent
I-2025-0485,O-2025-0485,352.24,https://blob.example.net/invoices/I-2025-0485.pdf,2025-08-14T14:29:04,Sent
I-2025-0486,O-2025-0486,1843.2,https://cdn.paperdemo.io/invoices/I-2025-0486.pdf,2025-09-02T04:48:15,Sent
I-2025-0487,O-2025-0487,1278.5,https://files.example.com/invoices/I-2025-0487.pdf,,Draft
I-2025-0488,O-2025-0488,1046.42,https://files.example.com/invoices/I-2025-0488.pdf,2025-09-06T08:53:07,Sent
I-2025-0489,O-2025-0489,224.22,https://blob.example.net/invoices/I-2025-0489.pdf,2025-10-21T17:32:48,Sent
I-2025-0490,O-2025-0490,410.13,https://cdn.paperdemo.io/invoices/I-2025-0490.pdf,,Draft
I-2025-0491,O-2025-0491,164.56,https://blob.example.net/invoices/I-2025-0491.pdf,2025-08-28T05:43:41,Sent
I-2025-0492,O-2025-0492,91.96,https://blob.example.net/invoices/I-2025-0492.pdf,2025-10-02T20:53:40,Sent
I-2025-0493,O-2025-0493,1734.6,https://files.example.com/invoices/I-2025-0493.pdf,2025-09-29T12:14:17,Sent
I-2025-0494,O-2025-0494,415.8,https://cdn.paperdemo.io/invoices/I-2025-0494.pdf,,Draft
I-2025-0495,O-2025-0495,365.2,https://blob.example.net/invoices/I-2025-0495.pdf,2025-08-02T01:13:14,Sent
I-2025-0496,O-2025-0496,1976.08,https://cdn.paperdemo.io/invoices/I-2025-0496.pdf,2025-09-23T02:04:19,Sent
I-2025-0497,O-2025-0497,4978.47,https://files.example.com/invoices/I-2025-0497.pdf,2025-08-24T09:30:24,Sent
I-2025-0498,O-2025-0498,3398.34,https://cdn.paperdemo.io/invoices/I-2025-0498.pdf,2025-08-13T15:17:31,Sent
I-2025-0499,O-2025-0499,535.08,https://files.example.com/invoices/I-2025-0499.pdf,2025-10-09T06:33:40,Sent
I-2025-0500,O-2025-0500,314.65,https://blob.example.net/invoices/I-2025-0500.pdf,,Draft
