SKU,Title,Description,UOM,Unit Price,Qty Available,Active,Attributes JSON,Last Updated
PPR-A2-CARDSTOCK-250G-IVORY-REAM,A2 Cardstock 250gsm - Ivory - Ream Pack,"Ivory Cardstock paper in A2 size, 250 gsm basis weight, packaged as Ream.",REAM,15.76,451,True,"{""size"": ""A2"", ""gsm"": 250, ""finish"": ""Cardstock"", ""color"": ""Ivory"", ""uom"": ""REAM""}",2025-07-18T10:52:04
PPR-A2-CARDSTOCK-250G-RECYCLED-REAM,A2 Cardstock 250gsm - Recycled - Ream Pack,"Recycled Cardstock paper in A2 size, 250 gsm basis weight, packaged as Ream.",REAM,16.57,644,True,"{""size"": ""A2"", ""gsm"": 250, ""finish"": ""Cardstock"", ""color"": ""Recycled"", ""uom"": ""REAM""}",2025-08-28T04:57:27
PPR-A2-CARDSTOCK-250G-WHITE-BOX,A2 Cardstock 250gsm - White - Box Pack,"White Cardstock paper in A2 size, 250 gsm basis weight, packaged as Box.",BOX,69.07,438,True,"{""size"": ""A2"", ""gsm"": 250, ""finish"": ""Cardstock"", ""color"": ""White"", ""uom"": ""BOX""}",2025-06-09T22:07:44
PPR-A2-CARDSTOCK-300G-IVORY-BOX,A2 Cardstock 300gsm - Ivory - Box Pack,"Ivory Cardstock paper in A2 size, 300 gsm basis weight, packaged as Box.",BOX,78.22,482,True,"{""size"": ""A2"", ""gsm"": 300, ""finish"": ""Cardstock"", ""color"": ""Ivory"", ""uom"": ""BOX""}",2025-07-14T04:35:59
PPR-A2-CARDSTOCK-70G-WHITE-BOX,A2 Cardstock 70gsm - White - Box Pack,"White Cardstock paper in A2 size, 70 gsm basis weight, packaged as Box.",BOX,31.11,486,True,"{""size"": ""A2"", ""gsm"": 70, ""finish"": ""Cardstock"", ""color"": ""White"", ""uom"": ""BOX""}",2025-07-25T06:29:13
PPR-A2-CARDSTOCK-75G-WHITE-PALLET,A2 Cardstock 75gsm - White - Pallet Pack,"White Cardstock paper in A2 size, 75 gsm basis weight, packaged as Pallet.",PALLET,581.16,127,True,"{""size"": ""A2"", ""gsm"": 75, ""finish"": ""Cardstock"", ""color"": ""White"", ""uom"": ""PALLET""}",2025-07-08T21:47:45
PPR-A2-CARDSTOCK-80G-BRIGHTWHITE-REAM,A2 Cardstock 80gsm - Bright White - Ream Pack,"Bright White Cardstock paper in A2 size, 80 gsm basis weight, packaged as Ream.",REAM,7.44,377,True,"{""size"": ""A2"", ""gsm"": 80, ""finish"": ""Cardstock"", ""color"": ""Bright White"", ""uom"": ""REAM""}",2025-05-31T14:28:58
PPR-A2-CARDSTOCK-90G-WHITE-BOX,A2 Cardstock 90gsm - White - Box Pack,"White Cardstock paper in A2 size, 90 gsm basis weight, packaged as Box.",BOX,37.27,488,True,"{""size"": ""A2"", ""gsm"": 90, ""finish"": ""Cardstock"", ""color"": ""White"", ""uom"": ""BOX""}",2025-08-06T16:25:38
PPR-A2-COATEDGLOSS-250G-BRIGHTWHITE-REAM,A2 Coated Gloss 250gsm - Bright White - Ream Pack,"Bright White Coated Gloss paper in A2 size, 250 gsm basis weight, packaged as Ream.",REAM,16.44,7,True,"{""size"": ""A2"", ""gsm"": 250, ""finish"": ""Coated Gloss"", ""color"": ""Bright White"", ""uom"": ""REAM""}",2025-07-15T21:07:03
PPR-A2-COATEDGLOSS-300G-WHITE-BOX,A2 Coated Gloss 300gsm - White - Box Pack,"White Coated Gloss paper in A2 size, 300 gsm basis weight, packaged as Box.",BOX,78.39,216,True,"{""size"": ""A2"", ""gsm"": 300, ""finish"": ""Coated Gloss"", ""color"": ""White"", ""uom"": ""BOX""}",2025-05-20T17:04:07
PPR-A2-COATEDGLOSS-70G-BRIGHTWHITE-BOX,A2 Coated Gloss 70gsm - Bright White - Box Pack,"Bright White Coated Gloss paper in A2 size, 70 gsm basis weight, packaged as Box.",BOX,31.17,394,True,"{""size"": ""A2"", ""gsm"": 70, ""finish"": ""Coated Gloss"", ""color"": ""Bright White"", ""uom"": ""BOX""}",2025-04-28T03:28:23
PPR-A2-COATEDGLOSS-75G-RECYCLED-PALLET,A2 Coated Gloss 75gsm - Recycled - Pallet Pack,"Recycled Coated Gloss paper in A2 size, 75 gsm basis weight, packaged as Pallet.",PALLET,565.48,0,True,"{""size"": ""A2"", ""gsm"": 75, ""finish"": ""Coated Gloss"", ""color"": ""Recycled"", ""uom"": ""PALLET""}",2025-09-27T05:24:09
PPR-A2-COATEDGLOSS-75G-RECYCLED-REAM,A2 Coated Gloss 75gsm - Recycled - Ream Pack,"Recycled Coated Gloss paper in A2 size, 75 gsm basis weight, packaged as Ream.",REAM,7.83,722,True,"{""size"": ""A2"", ""gsm"": 75, ""finish"": ""Coated Gloss"", ""color"": ""Recycled"", ""uom"": ""REAM""}",2025-08-14T11:27:15
PPR-A2-COATEDGLOSS-80G-RECYCLED-PALLET,A2 Coated Gloss 80gsm - Recycled - Pallet Pack,"Recycled Coated Gloss paper in A2 size, 80 gsm basis weight, packaged as Pallet.",PALLET,573.24,164,True,"{""size"": ""A2"", ""gsm"": 80, ""finish"": ""Coated Gloss"", ""color"": ""Recycled"", ""uom"": ""PALLET""}",2025-10-15T09:56:52
PPR-A2-COATEDGLOSS-80G-WHITE-BOX,A2 Coated Gloss 80gsm - White - Box Pack,"White Coated Gloss paper in A2 size, 80 gsm basis weight, packaged as Box.",BOX,35.29,523,True,"{""size"": ""A2"", ""gsm"": 80, ""finish"": ""Coated Gloss"", ""color"": ""White"", ""uom"": ""BOX""}",2025-10-09T02:27:00
PPR-A2-COATEDMATTE-250G-BRIGHTWHITE-REAM,A2 Coated Matte 250gsm - Bright White - Ream Pack,"Bright White Coated Matte paper in A2 size, 250 gsm basis weight, packaged as Ream.",REAM,15.78,427,True,"{""size"": ""A2"", ""gsm"": 250, ""finish"": ""Coated Matte"", ""color"": ""Bright White"", ""uom"": ""REAM""}",2025-06-10T17:17:56
PPR-A2-COATEDMATTE-300G-RECYCLED-BOX,A2 Coated Matte 300gsm - Recycled - Box Pack,"Recycled Coated Matte paper in A2 size, 300 gsm basis weight, packaged as Box.",BOX,77.58,224,True,"{""size"": ""A2"", ""gsm"": 300, ""finish"": ""Coated Matte"", ""color"": ""Recycled"", ""uom"": ""BOX""}",2025-06-20T11:21:28
PPR-A2-COATEDMATTE-75G-RECYCLED-REAM,A2 Coated Matte 75gsm - Recycled - Ream Pack,"Recycled Coated Matte paper in A2 size, 75 gsm basis weight, packaged as Ream.",REAM,7.55,621,True,"{""size"": ""A2"", ""gsm"": 75, ""finish"": ""Coated Matte"", ""color"": ""Recycled"", ""uom"": ""REAM""}",2025-09-28T18:13:03
PPR-A2-COATEDMATTE-80G-BRIGHTWHITE-REAM,A2 Coated Matte 80gsm - Bright White - Ream Pack,"Bright White Coated Matte paper in A2 size, 80 gsm basis weight, packaged as Ream.",REAM,7.38,432,True,"{""size"": ""A2"", ""gsm"": 80, ""finish"": ""Coated Matte"", ""color"": ""Bright White"", ""uom"": ""REAM""}",2025-07-15T22:34:15
PPR-A2-COATEDMATTE-90G-RECYCLED-BOX,A2 Coated Matte 90gsm - Recycled - Box Pack,"Recycled Coated Matte paper in A2 size, 90 gsm basis weight, packaged as Box.",BOX,37.49,367,True,"{""size"": ""A2"", ""gsm"": 90, ""finish"": ""Coated Matte"", ""color"": ""Recycled"", ""uom"": ""BOX""}",2025-09-10T21:06:15
PPR-A2-COPY-250G-IVORY-PALLET,A2 Copy 250gsm - Ivory - Pallet Pack,"Ivory Copy paper in A2 size, 250 gsm basis weight, packaged as Pallet.",PALLET,826.07,299,True,"{""size"": ""A2"", ""gsm"": 250, ""finish"": ""Copy"", ""color"": ""Ivory"", ""uom"": ""PALLET""}",2025-10-06T17:33:24
PPR-A2-COPY-250G-WHITE-BOX,A2 Copy 250gsm - White - Box Pack,"White Copy paper in A2 size, 250 gsm basis weight, packaged as Box.",BOX,67.34,603,True,"{""size"": ""A2"", ""gsm"": 250, ""finish"": ""Copy"", ""color"": ""White"", ""uom"": ""BOX""}",2025-05-06T21:39:05
PPR-A2-COPY-70G-IVORY-REAM,A2 Copy 70gsm - Ivory - Ream Pack,"Ivory Copy paper in A2 size, 70 gsm basis weight, packaged as Ream.",REAM,7.47,386,True,"{""size"": ""A2"", ""gsm"": 70, ""finish"": ""Copy"", ""color"": ""Ivory"", ""uom"": ""REAM""}",2025-05-14T06:04:47
PPR-A2-COPY-70G-WHITE-PALLET,A2 Copy 70gsm - White - Pallet Pack,"White Copy paper in A2 size, 70 gsm basis weight, packaged as Pallet.",PALLET,576.46,49,True,"{""size"": ""A2"", ""gsm"": 70, ""finish"": ""Copy"", ""color"": ""White"", ""uom"": ""PALLET""}",2025-05-04T01:37:19
PPR-A2-COPY-75G-RECYCLED-BOX,A2 Copy 75gsm - Recycled - Box Pack,"Recycled Copy paper in A2 size, 75 gsm basis weight, packaged as Box.",BOX,33.52,477,True,"{""size"": ""A2"", ""gsm"": 75, ""finish"": ""Copy"", ""color"": ""Recycled"", ""uom"": ""BOX""}",2025-05-22T05:43:08
PPR-A2-COPY-75G-RECYCLED-REAM,A2 Copy 75gsm - Recycled - Ream Pack,"Recycled Copy paper in A2 size, 75 gsm basis weight, packaged as Ream.",REAM,7.8,276,True,"{""size"": ""A2"", ""gsm"": 75, ""finish"": ""Copy"", ""color"": ""Recycled"", ""uom"": ""REAM""}",2025-07-07T11:03:54
PPR-A2-COPY-75G-WHITE-PALLET,A2 Copy 75gsm - White - Pallet Pack,"White Copy paper in A2 size, 75 gsm basis weight, packaged as Pallet.",PALLET,598.08,0,True,"{""size"": ""A2"", ""gsm"": 75, ""finish"": ""Copy"", ""color"": ""White"", ""uom"": ""PALLET""}",2025-06-06T02:58:35
PPR-A2-COPY-80G-RECYCLED-BOX,A2 Copy 80gsm - Recycled - Box Pack,"Recycled Copy paper in A2 size, 80 gsm basis weight, packaged as Box.",BOX,34.98,255,True,"{""size"": ""A2"", ""gsm"": 80, ""finish"": ""Copy"", ""color"": ""Recycled"", ""uom"": ""BOX""}",2025-10-04T21:29:32
PPR-A2-OFFSET-250G-RECYCLED-BOX,A2 Offset 250gsm - Recycled - Box Pack,"Recycled Offset paper in A2 size, 250 gsm basis weight, packaged as Box.",BOX,68.25,573,True,"{""size"": ""A2"", ""gsm"": 250, ""finish"": ""Offset"", ""color"": ""Recycled"", ""uom"": ""BOX""}",2025-08-17T15:56:52
PPR-A2-OFFSET-75G-WHITE-BOX,A2 Offset 75gsm - White - Box Pack,"White Offset paper in A2 size, 75 gsm basis weight, packaged as Box.",BOX,34.15,237,True,"{""size"": ""A2"", ""gsm"": 75, ""finish"": ""Offset"", ""color"": ""White"", ""uom"": ""BOX""}",2025-09-08T19:19:52
PPR-A2-OFFSET-80G-BRIGHTWHITE-BOX,A2 Offset 80gsm - Bright White - Box Pack,"Bright White Offset paper in A2 size, 80 gsm basis weight, packaged as Box.",BOX,33.95,448,True,"{""size"": ""A2"", ""gsm"": 80, ""finish"": ""Offset"", ""color"": ""Bright White"", ""uom"": ""BOX""}",2025-06-08T10:35:22
PPR-A2-OFFSET-80G-BRIGHTWHITE-REAM,A2 Offset 80gsm - Bright White - Ream Pack,"Bright White Offset paper in A2 size, 80 gsm basis weight, packaged as Ream.",REAM,7.95,562,True,"{""size"": ""A2"", ""gsm"": 80, ""finish"": ""Offset"", ""color"": ""Bright White"", ""uom"": ""REAM""}",2025-07-10T18:10:27
PPR-A2-UNCOATED-300G-IVORY-ROLL,A2 Uncoated 300gsm - Ivory - Roll Pack,"Ivory Uncoated paper in A2 size, 300 gsm basis weight, packaged as Roll.",ROLL,82.37,395,True,"{""size"": ""A2"", ""gsm"": 300, ""finish"": ""Uncoated"", ""color"": ""Ivory"", ""uom"": ""ROLL""}",2025-10-18T10:41:19
PPR-A2-UNCOATED-70G-BRIGHTWHITE-BOX,A2 Uncoated 70gsm - Bright White - Box Pack,"Bright White Uncoated paper in A2 size, 70 gsm basis weight, packaged as Box.",BOX,31.73,159,True,"{""size"": ""A2"", ""gsm"": 70, ""finish"": ""Uncoated"", ""color"": ""Bright White"", ""uom"": ""BOX""}",2025-05-19T19:22:01
PPR-A2-UNCOATED-70G-IVORY-REAM,A2 Uncoated 70gsm - Ivory - Ream Pack,"Ivory Uncoated paper in A2 size, 70 gsm basis weight, packaged as Ream.",REAM,7.35,355,True,"{""size"": ""A2"", ""gsm"": 70, ""finish"": ""Uncoated"", ""color"": ""Ivory"", ""uom"": ""REAM""}",2025-06-25T05:30:48
PPR-A2-UNCOATED-75G-IVORY-BOX,A2 Uncoated 75gsm - Ivory - Box Pack,"Ivory Uncoated paper in A2 size, 75 gsm basis weight, packaged as Box.",BOX,32.19,376,True,"{""size"": ""A2"", ""gsm"": 75, ""finish"": ""Uncoated"", ""color"": ""Ivory"", ""uom"": ""BOX""}",2025-08-13T16:56:18
PPR-A2-UNCOATED-75G-WHITE-REAM,A2 Uncoated 75gsm - White - Ream Pack,"White Uncoated paper in A2 size, 75 gsm basis weight, packaged as Ream.",REAM,7.44,523,True,"{""size"": ""A2"", ""gsm"": 75, ""finish"": ""Uncoated"", ""color"": ""White"", ""uom"": ""REAM""}",2025-09-09T13:41:39
PPR-A2-UNCOATED-90G-WHITE-BOX,A2 Uncoated 90gsm - White - Box Pack,"White Uncoated paper in A2 size, 90 gsm basis weight, packaged as Box.",BOX,36.05,677,True,"{""size"": ""A2"", ""gsm"": 90, ""finish"": ""Uncoated"", ""color"": ""White"", ""uom"": ""BOX""}",2025-09-04T23:41:53
PPR-A3-CARDSTOCK-250G-BRIGHTWHITE-PALLET,A3 Cardstock 250gsm - Bright White - Pallet Pack,"Bright White Cardstock paper in A3 size, 250 gsm basis weight, packaged as Pallet.",PALLET,672.15,8,True,"{""size"": ""A3"", ""gsm"": 250, ""finish"": ""Cardstock"", ""color"": ""Bright White"", ""uom"": ""PALLET""}",2025-10-02T22:38:33
PPR-A3-CARDSTOCK-300G-WHITE-BOX,A3 Cardstock 300gsm - White - Box Pack,"White Cardstock paper in A3 size, 300 gsm basis weight, packaged as Box.",BOX,57.63,653,True,"{""size"": ""A3"", ""gsm"": 300, ""finish"": ""Cardstock"", ""color"": ""White"", ""uom"": ""BOX""}",2025-10-02T13:18:54
PPR-A3-CARDSTOCK-80G-WHITE-REAM,A3 Cardstock 80gsm - White - Ream Pack,"White Cardstock paper in A3 size, 80 gsm basis weight, packaged as Ream.",REAM,5.79,354,True,"{""size"": ""A3"", ""gsm"": 80, ""finish"": ""Cardstock"", ""color"": ""White"", ""uom"": ""REAM""}",2025-06-15T04:56:18
PPR-A3-CARDSTOCK-90G-RECYCLED-BOX,A3 Cardstock 90gsm - Recycled - Box Pack,"Recycled Cardstock paper in A3 size, 90 gsm basis weight, packaged as Box.",BOX,29.73,546,True,"{""size"": ""A3"", ""gsm"": 90, ""finish"": ""Cardstock"", ""color"": ""Recycled"", ""uom"": ""BOX""}",2025-08-14T15:00:01
PPR-A3-COATEDGLOSS-250G-RECYCLED-PALLET,A3 Coated Gloss 250gsm - Recycled - Pallet Pack,"Recycled Coated Gloss paper in A3 size, 250 gsm basis weight, packaged as Pallet.",PALLET,711.21,0,True,"{""size"": ""A3"", ""gsm"": 250, ""finish"": ""Coated Gloss"", ""color"": ""Recycled"", ""uom"": ""PALLET""}",2025-05-17T15:17:14
PPR-A3-COATEDGLOSS-250G-WHITE-REAM,A3 Coated Gloss 250gsm - White - Ream Pack,"White Coated Gloss paper in A3 size, 250 gsm basis weight, packaged as Ream.",REAM,12.0,423,True,"{""size"": ""A3"", ""gsm"": 250, ""finish"": ""Coated Gloss"", ""color"": ""White"", ""uom"": ""REAM""}",2025-10-21T11:23:50
PPR-A3-COATEDGLOSS-300G-IVORY-REAM,A3 Coated Gloss 300gsm - Ivory - Ream Pack,"Ivory Coated Gloss paper in A3 size, 300 gsm basis weight, packaged as Ream.",REAM,13.13,480,True,"{""size"": ""A3"", ""gsm"": 300, ""finish"": ""Coated Gloss"", ""color"": ""Ivory"", ""uom"": ""REAM""}",2025-05-14T06:59:26
PPR-A3-COATEDGLOSS-300G-WHITE-ROLL,A3 Coated Gloss 300gsm - White - Roll Pack,"White Coated Gloss paper in A3 size, 300 gsm basis weight, packaged as Roll.",ROLL,65.09,394,True,"{""size"": ""A3"", ""gsm"": 300, ""finish"": ""Coated Gloss"", ""color"": ""White"", ""uom"": ""ROLL""}",2025-09-15T13:57:54
PPR-A3-COATEDGLOSS-70G-IVORY-REAM,A3 Coated Gloss 70gsm - Ivory - Ream Pack,"Ivory Coated Gloss paper in A3 size, 70 gsm basis weight, packaged as Ream.",REAM,5.59,564,True,"{""size"": ""A3"", ""gsm"": 70, ""finish"": ""Coated Gloss"", ""color"": ""Ivory"", ""uom"": ""REAM""}",2025-08-29T08:11:39
PPR-A3-COATEDGLOSS-75G-BRIGHTWHITE-REAM,A3 Coated Gloss 75gsm - Bright White - Ream Pack,"Bright White Coated Gloss paper in A3 size, 75 gsm basis weight, packaged as Ream.",REAM,5.6,141,True,"{""size"": ""A3"", ""gsm"": 75, ""finish"": ""Coated Gloss"", ""color"": ""Bright White"", ""uom"": ""REAM""}",2025-07-01T06:24:18
PPR-A3-COATEDGLOSS-75G-WHITE-BOX,A3 Coated Gloss 75gsm - White - Box Pack,"White Coated Gloss paper in A3 size, 75 gsm basis weight, packaged as Box.",BOX,26.66,275,True,"{""size"": ""A3"", ""gsm"": 75, ""finish"": ""Coated Gloss"", ""color"": ""White"", ""uom"": ""BOX""}",2025-05-21T18:09:48
PPR-A3-COATEDGLOSS-80G-RECYCLED-REAM,A3 Coated Gloss 80gsm - Recycled - Ream Pack,"Recycled Coated Gloss paper in A3 size, 80 gsm basis weight, packaged as Ream.",REAM,6.38,220,True,"{""size"": ""A3"", ""gsm"": 80, ""finish"": ""Coated Gloss"", ""color"": ""Recycled"", ""uom"": ""REAM""}",2025-09-09T13:21:20
PPR-A3-COATEDGLOSS-80G-WHITE-PALLET,A3 Coated Gloss 80gsm - White - Pallet Pack,"White Coated Gloss paper in A3 size, 80 gsm basis weight, packaged as Pallet.",PALLET,547.25,0,True,"{""size"": ""A3"", ""gsm"": 80, ""finish"": ""Coated Gloss"", ""color"": ""White"", ""uom"": ""PALLET""}",2025-09-01T12:16:22
PPR-A3-COATEDMATTE-140G-IVORY-SHEET,A3 Coated Matte 140gsm - Ivory - Sheet Pack,"Ivory Coated Matte paper in A3 size, 140 gsm basis weight, packaged as Sheet.",SHEET,0.497,401,True,"{""size"": ""A3"", ""gsm"": 140, ""finish"": ""Coated Matte"", ""color"": ""Ivory"", ""uom"": ""SHEET""}",2025-05-15T11:58:52
PPR-A3-COATEDMATTE-300G-WHITE-REAM,A3 Coated Matte 300gsm - White - Ream Pack,"White Coated Matte paper in A3 size, 300 gsm basis weight, packaged as Ream.",REAM,12.99,160,True,"{""size"": ""A3"", ""gsm"": 300, ""finish"": ""Coated Matte"", ""color"": ""White"", ""uom"": ""REAM""}",2025-08-27T06:59:04
PPR-A3-COATEDMATTE-70G-WHITE-REAM,A3 Coated Matte 70gsm - White - Ream Pack,"White Coated Matte paper in A3 size, 70 gsm basis weight, packaged as Ream.",REAM,5.96,493,True,"{""size"": ""A3"", ""gsm"": 70, ""finish"": ""Coated Matte"", ""color"": ""White"", ""uom"": ""REAM""}",2025-06-20T11:44:59
PPR-A3-COATEDMATTE-75G-IVORY-REAM,A3 Coated Matte 75gsm - Ivory - Ream Pack,"Ivory Coated Matte paper in A3 size, 75 gsm basis weight, packaged as Ream.",REAM,5.94,518,True,"{""size"": ""A3"", ""gsm"": 75, ""finish"": ""Coated Matte"", ""color"": ""Ivory"", ""uom"": ""REAM""}",2025-05-20T15:56:12
PPR-A3-COATEDMATTE-75G-WHITE-REAM,A3 Coated Matte 75gsm - White - Ream Pack,"White Coated Matte paper in A3 size, 75 gsm basis weight, packaged as Ream.",REAM,6.47,263,True,"{""size"": ""A3"", ""gsm"": 75, ""finish"": ""Coated Matte"", ""color"": ""White"", ""uom"": ""REAM""}",2025-10-14T02:38:55
PPR-A3-COATEDMATTE-80G-BRIGHTWHITE-REAM,A3 Coated Matte 80gsm - Bright White - Ream Pack,"Bright White Coated Matte paper in A3 size, 80 gsm basis weight, packaged as Ream.",REAM,5.92,377,True,"{""size"": ""A3"", ""gsm"": 80, ""finish"": ""Coated Matte"", ""color"": ""Bright White"", ""uom"": ""REAM""}",2025-05-12T12:47:13
PPR-A3-COPY-250G-IVORY-REAM,A3 Copy 250gsm - Ivory - Ream Pack,"Ivory Copy paper in A3 size, 250 gsm basis weight, packaged as Ream.",REAM,11.98,287,True,"{""size"": ""A3"", ""gsm"": 250, ""finish"": ""Copy"", ""color"": ""Ivory"", ""uom"": ""REAM""}",2025-07-18T01:42:43
PPR-A3-COPY-250G-RECYCLED-REAM,A3 Copy 250gsm - Recycled - Ream Pack,"Recycled Copy paper in A3 size, 250 gsm basis weight, packaged as Ream.",REAM,11.8,135,True,"{""size"": ""A3"", ""gsm"": 250, ""finish"": ""Copy"", ""color"": ""Recycled"", ""uom"": ""REAM""}",2025-10-19T22:56:38
PPR-A3-COPY-300G-BRIGHTWHITE-REAM,A3 Copy 300gsm - Bright White - Ream Pack,"Bright White Copy paper in A3 size, 300 gsm basis weight, packaged as Ream.",REAM,13.47,328,True,"{""size"": ""A3"", ""gsm"": 300, ""finish"": ""Copy"", ""color"": ""Bright White"", ""uom"": ""REAM""}",2025-05-06T03:36:20
PPR-A3-COPY-300G-IVORY-REAM,A3 Copy 300gsm - Ivory - Ream Pack,"Ivory Copy paper in A3 size, 300 gsm basis weight, packaged as Ream.",REAM,13.44,276,True,"{""size"": ""A3"", ""gsm"": 300, ""finish"": ""Copy"", ""color"": ""Ivory"", ""uom"": ""REAM""}",2025-09-06T07:12:43
PPR-A3-COPY-300G-WHITE-PALLET,A3 Copy 300gsm - White - Pallet Pack,"White Copy paper in A3 size, 300 gsm basis weight, packaged as Pallet.",PALLET,777.17,0,True,"{""size"": ""A3"", ""gsm"": 300, ""finish"": ""Copy"", ""color"": ""White"", ""uom"": ""PALLET""}",2025-07-07T03:03:57
PPR-A3-COPY-75G-BRIGHTWHITE-BOX,A3 Copy 75gsm - Bright White - Box Pack,"Bright White Copy paper in A3 size, 75 gsm basis weight, packaged as Box.",BOX,28.01,241,True,"{""size"": ""A3"", ""gsm"": 75, ""finish"": ""Copy"", ""color"": ""Bright White"", ""uom"": ""BOX""}",2025-09-08T19:56:24
PPR-A3-COPY-75G-IVORY-PALLET,A3 Copy 75gsm - Ivory - Pallet Pack,"Ivory Copy paper in A3 size, 75 gsm basis weight, packaged as Pallet.",PALLET,526.78,148,True,"{""size"": ""A3"", ""gsm"": 75, ""finish"": ""Copy"", ""color"": ""Ivory"", ""uom"": ""PALLET""}",2025-08-19T15:16:14
PPR-A3-COPY-75G-IVORY-REAM,A3 Copy 75gsm - Ivory - Ream Pack,"Ivory Copy paper in A3 size, 75 gsm basis weight, packaged as Ream.",REAM,5.79,431,True,"{""size"": ""A3"", ""gsm"": 75, ""finish"": ""Copy"", ""color"": ""Ivory"", ""uom"": ""REAM""}",2025-10-17T11:16:16
PPR-A3-COPY-75G-WHITE-PALLET,A3 Copy 75gsm - White - Pallet Pack,"White Copy paper in A3 size, 75 gsm basis weight, packaged as Pallet.",PALLET,523.6,0,True,"{""size"": ""A3"", ""gsm"": 75, ""finish"": ""Copy"", ""color"": ""White"", ""uom"": ""PALLET""}",2025-05-27T15:21:28
PPR-A3-COPY-80G-BRIGHTWHITE-REAM,A3 Copy 80gsm - Bright White - Ream Pack,"Bright White Copy paper in A3 size, 80 gsm basis weight, packaged as Ream.",REAM,5.91,545,True,"{""size"": ""A3"", ""gsm"": 80, ""finish"": ""Copy"", ""color"": ""Bright White"", ""uom"": ""REAM""}",2025-07-09T22:46:05
PPR-A3-COPY-80G-RECYCLED-BOX,A3 Copy 80gsm - Recycled - Box Pack,"Recycled Copy paper in A3 size, 80 gsm basis weight, packaged as Box.",BOX,27.31,401,True,"{""size"": ""A3"", ""gsm"": 80, ""finish"": ""Copy"", ""color"": ""Recycled"", ""uom"": ""BOX""}",2025-07-04T14:18:45
PPR-A3-COPY-90G-RECYCLED-PALLET,A3 Copy 90gsm - Recycled - Pallet Pack,"Recycled Copy paper in A3 size, 90 gsm basis weight, packaged as Pallet.",PALLET,566.75,238,True,"{""size"": ""A3"", ""gsm"": 90, ""finish"": ""Copy"", ""color"": ""Recycled"", ""uom"": ""PALLET""}",2025-05-31T17:11:21
PPR-A3-COPY-90G-WHITE-BOX,A3 Copy 90gsm - White - Box Pack,"White Copy paper in A3 size, 90 gsm basis weight, packaged as Box.",BOX,30.61,359,True,"{""size"": ""A3"", ""gsm"": 90, ""finish"": ""Copy"", ""color"": ""White"", ""uom"": ""BOX""}",2025-06-01T15:27:33
PPR-A3-OFFSET-250G-WHITE-BOX,A3 Offset 250gsm - White - Box Pack,"White Offset paper in A3 size, 250 gsm basis weight, packaged as Box.",BOX,51.49,169,True,"{""size"": ""A3"", ""gsm"": 250, ""finish"": ""Offset"", ""color"": ""White"", ""uom"": ""BOX""}",2025-08-10T02:54:37
PPR-A3-OFFSET-300G-BRIGHTWHITE-REAM,A3 Offset 300gsm - Bright White - Ream Pack,"Bright White Offset paper in A3 size, 300 gsm basis weight, packaged as Ream.",REAM,13.32,311,True,"{""size"": ""A3"", ""gsm"": 300, ""finish"": ""Offset"", ""color"": ""Bright White"", ""uom"": ""REAM""}",2025-08-27T11:19:02
PPR-A3-OFFSET-300G-WHITE-BOX,A3 Offset 300gsm - White - Box Pack,"White Offset paper in A3 size, 300 gsm basis weight, packaged as Box.",BOX,57.38,96,True,"{""size"": ""A3"", ""gsm"": 300, ""finish"": ""Offset"", ""color"": ""White"", ""uom"": ""BOX""}",2025-06-12T18:34:08
PPR-A3-OFFSET-80G-BRIGHTWHITE-REAM,A3 Offset 80gsm - Bright White - Ream Pack,"Bright White Offset paper in A3 size, 80 gsm basis weight, packaged as Ream.",REAM,5.8,364,True,"{""size"": ""A3"", ""gsm"": 80, ""finish"": ""Offset"", ""color"": ""Bright White"", ""uom"": ""REAM""}",2025-08-24T07:05:15
PPR-A3-OFFSET-80G-RECYCLED-BOX,A3 Offset 80gsm - Recycled - Box Pack,"Recycled Offset paper in A3 size, 80 gsm basis weight, packaged as Box.",BOX,27.51,410,True,"{""size"": ""A3"", ""gsm"": 80, ""finish"": ""Offset"", ""color"": ""Recycled"", ""uom"": ""BOX""}",2025-05-27T12:43:13
PPR-A3-UNCOATED-250G-BRIGHTWHITE-BOX,A3 Uncoated 250gsm - Bright White - Box Pack,"Bright White Uncoated paper in A3 size, 250 gsm basis weight, packaged as Box.",BOX,51.11,292,True,"{""size"": ""A3"", ""gsm"": 250, ""finish"": ""Uncoated"", ""color"": ""Bright White"", ""uom"": ""BOX""}",2025-05-01T16:22:44
PPR-A3-UNCOATED-250G-BRIGHTWHITE-REAM,A3 Uncoated 250gsm - Bright White - Ream Pack,"Bright White Uncoated paper in A3 size, 250 gsm basis weight, packaged as Ream.",REAM,11.9,451,True,"{""size"": ""A3"", ""gsm"": 250, ""finish"": ""Uncoated"", ""color"": ""Bright White"", ""uom"": ""REAM""}",2025-08-09T18:04:47
PPR-A3-UNCOATED-250G-IVORY-REAM,A3 Uncoated 250gsm - Ivory - Ream Pack,"Ivory Uncoated paper in A3 size, 250 gsm basis weight, packaged as Ream.",REAM,12.09,371,True,"{""size"": ""A3"", ""gsm"": 250, ""finish"": ""Uncoated"", ""color"": ""Ivory"", ""uom"": ""REAM""}",2025-08-10T21:17:06
PPR-A3-UNCOATED-300G-WHITE-REAM,A3 Uncoated 300gsm - White - Ream Pack,"White Uncoated paper in A3 size, 300 gsm basis weight, packaged as Ream.",REAM,13.26,323,True,"{""size"": ""A3"", ""gsm"": 300, ""finish"": ""Uncoated"", ""color"": ""White"", ""uom"": ""REAM""}",2025-09-16T18:15:19
PPR-A3-UNCOATED-70G-IVORY-REAM,A3 Uncoated 70gsm - Ivory - Ream Pack,"Ivory Uncoated paper in A3 size, 70 gsm basis weight, packaged as Ream.",REAM,6.08,310,True,"{""size"": ""A3"", ""gsm"": 70, ""finish"": ""Uncoated"", ""color"": ""Ivory"", ""uom"": ""REAM""}",2025-09-06T08:53:03
PPR-A3-UNCOATED-75G-BRIGHTWHITE-PALLET,A3 Uncoated 75gsm - Bright White - Pallet Pack,"Bright White Uncoated paper in A3 size, 75 gsm basis weight, packaged as Pallet.",PALLET,551.1,0,True,"{""size"": ""A3"", ""gsm"": 75, ""finish"": ""Uncoated"", ""color"": ""Bright White"", ""uom"": ""PALLET""}",2025-05-31T22:45:16
PPR-A3-UNCOATED-75G-BRIGHTWHITE-REAM,A3 Uncoated 75gsm - Bright White - Ream Pack,"Bright White Uncoated paper in A3 size, 75 gsm basis weight, packaged as Ream.",REAM,6.34,489,True,"{""size"": ""A3"", ""gsm"": 75, ""finish"": ""Uncoated"", ""color"": ""Bright White"", ""uom"": ""REAM""}",2025-07-15T22:30:17
PPR-A3-UNCOATED-75G-IVORY-ROLL,A3 Uncoated 75gsm - Ivory - Roll Pack,"Ivory Uncoated paper in A3 size, 75 gsm basis weight, packaged as Roll.",ROLL,42.88,461,True,"{""size"": ""A3"", ""gsm"": 75, ""finish"": ""Uncoated"", ""color"": ""Ivory"", ""uom"": ""ROLL""}",2025-10-04T11:50:21
PPR-A3-UNCOATED-75G-WHITE-PALLET,A3 Uncoated 75gsm - White - Pallet Pack,"White Uncoated paper in A3 size, 75 gsm basis weight, packaged as Pallet.",PALLET,536.55,74,True,"{""size"": ""A3"", ""gsm"": 75, ""finish"": ""Uncoated"", ""color"": ""White"", ""uom"": ""PALLET""}",2025-07-30T02:37:16
PPR-A3-UNCOATED-75G-WHITE-REAM,A3 Uncoated 75gsm - White - Ream Pack,"White Uncoated paper in A3 size, 75 gsm basis weight, packaged as Ream.",REAM,6.06,188,True,"{""size"": ""A3"", ""gsm"": 75, ""finish"": ""Uncoated"", ""color"": ""White"", ""uom"": ""REAM""}",2025-08-04T14:41:20
PPR-A3-UNCOATED-80G-IVORY-BOX,A3 Uncoated 80gsm - Ivory - Box Pack,"Ivory Uncoated paper in A3 size, 80 gsm basis weight, packaged as Box.",BOX,28.93,410,True,"{""size"": ""A3"", ""gsm"": 80, ""finish"": ""Uncoated"", ""color"": ""Ivory"", ""uom"": ""BOX""}",2025-07-31T17:16:29
PPR-A3-UNCOATED-80G-RECYCLED-REAM,A3 Uncoated 80gsm - Recycled - Ream Pack,"Recycled Uncoated paper in A3 size, 80 gsm basis weight, packaged as Ream.",REAM,6.3,330,True,"{""size"": ""A3"", ""gsm"": 80, ""finish"": ""Uncoated"", ""color"": ""Recycled"", ""uom"": ""REAM""}",2025-07-14T04:04:05
PPR-A4-CARDSTOCK-250G-WHITE-REAM,A4 Cardstock 250gsm - White - Ream Pack,"White Cardstock paper in A4 size, 250 gsm basis weight, packaged as Ream.",REAM,8.5,324,True,"{""size"": ""A4"", ""gsm"": 250, ""finish"": ""Cardstock"", ""color"": ""White"", ""uom"": ""REAM""}",2025-09-15T19:39:02
PPR-A4-CARDSTOCK-300G-BRIGHTWHITE-REAM,A4 Cardstock 300gsm - Bright White - Ream Pack,"Bright White Cardstock paper in A4 size, 300 gsm basis weight, packaged as Ream.",REAM,9.38,390,True,"{""size"": ""A4"", ""gsm"": 300, ""finish"": ""Cardstock"", ""color"": ""Bright White"", ""uom"": ""REAM""}",2025-08-02T20:01:43
PPR-A4-CARDSTOCK-300G-WHITE-ROLL,A4 Cardstock 300gsm - White - Roll Pack,"White Cardstock paper in A4 size, 300 gsm basis weight, packaged as Roll.",ROLL,55.22,144,True,"{""size"": ""A4"", ""gsm"": 300, ""finish"": ""Cardstock"", ""color"": ""White"", ""uom"": ""ROLL""}",2025-09-23T05:45:11
PPR-A4-CARDSTOCK-70G-BRIGHTWHITE-PALLET,A4 Cardstock 70gsm - Bright White - Pallet Pack,"Bright White Cardstock paper in A4 size, 70 gsm basis weight, packaged as Pallet.",PALLET,525.82,2,False,"{""size"": ""A4"", ""gsm"": 70, ""finish"": ""Cardstock"", ""color"": ""Bright White"", ""uom"": ""PALLET""}",2025-07-10T23:30:02
PPR-A4-CARDSTOCK-75G-IVORY-REAM,A4 Cardstock 75gsm - Ivory - Ream Pack,"Ivory Cardstock paper in A4 size, 75 gsm basis weight, packaged as Ream.",REAM,5.16,419,True,"{""size"": ""A4"", ""gsm"": 75, ""finish"": ""Cardstock"", ""color"": ""Ivory"", ""uom"": ""REAM""}",2025-09-30T11:23:54
PPR-A4-CARDSTOCK-80G-RECYCLED-ROLL,A4 Cardstock 80gsm - Recycled - Roll Pack,"Recycled Cardstock paper in A4 size, 80 gsm basis weight, packaged as Roll.",ROLL,42.02,681,True,"{""size"": ""A4"", ""gsm"": 80, ""finish"": ""Cardstock"", ""color"": ""Recycled"", ""uom"": ""ROLL""}",2025-08-04T05:19:33
PPR-A4-COATEDGLOSS-250G-WHITE-BOX,A4 Coated Gloss 250gsm - White - Box Pack,"White Coated Gloss paper in A4 size, 250 gsm basis weight, packaged as Box.",BOX,37.43,515,True,"{""size"": ""A4"", ""gsm"": 250, ""finish"": ""Coated Gloss"", ""color"": ""White"", ""uom"": ""BOX""}",2025-06-05T05:00:35
PPR-A4-COATEDGLOSS-300G-BRIGHTWHITE-SHEET,A4 Coated Gloss 300gsm - Bright White - Sheet Pack,"Bright White Coated Gloss paper in A4 size, 300 gsm basis weight, packaged as Sheet.",SHEET,0.6595,188,True,"{""size"": ""A4"", ""gsm"": 300, ""finish"": ""Coated Gloss"", ""color"": ""Bright White"", ""uom"": ""SHEET""}",2025-09-04T04:37:03
PPR-A4-COATEDGLOSS-300G-IVORY-REAM,A4 Coated Gloss 300gsm - Ivory - Ream Pack,"Ivory Coated Gloss paper in A4 size, 300 gsm basis weight, packaged as Ream.",REAM,9.64,185,True,"{""size"": ""A4"", ""gsm"": 300, ""finish"": ""Coated Gloss"", ""color"": ""Ivory"", ""uom"": ""REAM""}",2025-09-10T11:32:49
PPR-A4-COATEDGLOSS-300G-WHITE-BOX,A4 Coated Gloss 300gsm - White - Box Pack,"White Coated Gloss paper in A4 size, 300 gsm basis weight, packaged as Box.",BOX,41.84,436,True,"{""size"": ""A4"", ""gsm"": 300, ""finish"": ""Coated Gloss"", ""color"": ""White"", ""uom"": ""BOX""}",2025-09-05T14:30:17
PPR-A4-COATEDGLOSS-300G-WHITE-REAM,A4 Coated Gloss 300gsm - White - Ream Pack,"White Coated Gloss paper in A4 size, 300 gsm basis weight, packaged as Ream.",REAM,9.25,396,True,"{""size"": ""A4"", ""gsm"": 300, ""finish"": ""Coated Gloss"", ""color"": ""White"", ""uom"": ""REAM""}",2025-08-12T17:28:46
PPR-A4-COATEDGLOSS-70G-RECYCLED-BOX,A4 Coated Gloss 70gsm - Recycled - Box Pack,"Recycled Coated Gloss paper in A4 size, 70 gsm basis weight, packaged as Box.",BOX,23.04,366,True,"{""size"": ""A4"", ""gsm"": 70, ""finish"": ""Coated Gloss"", ""color"": ""Recycled"", ""uom"": ""BOX""}",2025-08-21T05:36:08
PPR-A4-COATEDGLOSS-90G-BRIGHTWHITE-ROLL,A4 Coated Gloss 90gsm - Bright White - Roll Pack,"Bright White Coated Gloss paper in A4 size, 90 gsm basis weight, packaged as Roll.",ROLL,42.86,576,True,"{""size"": ""A4"", ""gsm"": 90, ""finish"": ""Coated Gloss"", ""color"": ""Bright White"", ""uom"": ""ROLL""}",2025-05-30T23:41:55
PPR-A4-COATEDMATTE-250G-IVORY-REAM,A4 Coated Matte 250gsm - Ivory - Ream Pack,"Ivory Coated Matte paper in A4 size, 250 gsm basis weight, packaged as Ream.",REAM,8.99,263,True,"{""size"": ""A4"", ""gsm"": 250, ""finish"": ""Coated Matte"", ""color"": ""Ivory"", ""uom"": ""REAM""}",2025-06-18T07:48:52
PPR-A4-COATEDMATTE-250G-RECYCLED-REAM,A4 Coated Matte 250gsm - Recycled - Ream Pack,"Recycled Coated Matte paper in A4 size, 250 gsm basis weight, packaged as Ream.",REAM,8.25,477,True,"{""size"": ""A4"", ""gsm"": 250, ""finish"": ""Coated Matte"", ""color"": ""Recycled"", ""uom"": ""REAM""}",2025-08-26T05:05:21
PPR-A4-COATEDMATTE-70G-BRIGHTWHITE-REAM,A4 Coated Matte 70gsm - Bright White - Ream Pack,"Bright White Coated Matte paper in A4 size, 70 gsm basis weight, packaged as Ream.",REAM,5.27,302,True,"{""size"": ""A4"", ""gsm"": 70, ""finish"": ""Coated Matte"", ""color"": ""Bright White"", ""uom"": ""REAM""}",2025-07-07T13:32:36
PPR-A4-COATEDMATTE-70G-RECYCLED-BOX,A4 Coated Matte 70gsm - Recycled - Box Pack,"Recycled Coated Matte paper in A4 size, 70 gsm basis weight, packaged as Box.",BOX,23.19,217,True,"{""size"": ""A4"", ""gsm"": 70, ""finish"": ""Coated Matte"", ""color"": ""Recycled"", ""uom"": ""BOX""}",2025-10-21T15:38:41
PPR-A4-COATEDMATTE-70G-WHITE-REAM,A4 Coated Matte 70gsm - White - Ream Pack,"White Coated Matte paper in A4 size, 70 gsm basis weight, packaged as Ream.",REAM,5.17,446,True,"{""size"": ""A4"", ""gsm"": 70, ""finish"": ""Coated Matte"", ""color"": ""White"", ""uom"": ""REAM""}",2025-04-27T00:22:37
PPR-A4-COATEDMATTE-75G-IVORY-BOX,A4 Coated Matte 75gsm - Ivory - Box Pack,"Ivory Coated Matte paper in A4 size, 75 gsm basis weight, packaged as Box.",BOX,24.67,353,True,"{""size"": ""A4"", ""gsm"": 75, ""finish"": ""Coated Matte"", ""color"": ""Ivory"", ""uom"": ""BOX""}",2025-09-23T23:43:54
PPR-A4-COATEDMATTE-75G-RECYCLED-BOX,A4 Coated Matte 75gsm - Recycled - Box Pack,"Recycled Coated Matte paper in A4 size, 75 gsm basis weight, packaged as Box.",BOX,23.78,410,True,"{""size"": ""A4"", ""gsm"": 75, ""finish"": ""Coated Matte"", ""color"": ""Recycled"", ""uom"": ""BOX""}",2025-08-17T22:08:17
PPR-A4-COATEDMATTE-80G-WHITE-REAM,A4 Coated Matte 80gsm - White - Ream Pack,"White Coated Matte paper in A4 size, 80 gsm basis weight, packaged as Ream.",REAM,5.45,605,True,"{""size"": ""A4"", ""gsm"": 80, ""finish"": ""Coated Matte"", ""color"": ""White"", ""uom"": ""REAM""}",2025-04-30T09:38:58
PPR-A4-COPY-300G-BRIGHTWHITE-ROLL,A4 Copy 300gsm - Bright White - Roll Pack,"Bright White Copy paper in A4 size, 300 gsm basis weight, packaged as Roll.",ROLL,54.8,112,True,"{""size"": ""A4"", ""gsm"": 300, ""finish"": ""Copy"", ""color"": ""Bright White"", ""uom"": ""ROLL""}",2025-05-20T04:19:59
PPR-A4-COPY-300G-WHITE-REAM,A4 Copy 300gsm - White - Ream Pack,"White Copy paper in A4 size, 300 gsm basis weight, packaged as Ream.",REAM,9.84,637,True,"{""size"": ""A4"", ""gsm"": 300, ""finish"": ""Copy"", ""color"": ""White"", ""uom"": ""REAM""}",2025-08-01T23:42:33
PPR-A4-COPY-70G-RECYCLED-SHEET,A4 Copy 70gsm - Recycled - Sheet Pack,"Recycled Copy paper in A4 size, 70 gsm basis weight, packaged as Sheet.",SHEET,0.1835,728,True,"{""size"": ""A4"", ""gsm"": 70, ""finish"": ""Copy"", ""color"": ""Recycled"", ""uom"": ""SHEET""}",2025-09-08T17:07:07
PPR-A4-COPY-80G-WHITE-REAM,A4 Copy 80gsm - White - Ream Pack,"White Copy paper in A4 size, 80 gsm basis weight, packaged as Ream.",REAM,5.23,554,True,"{""size"": ""A4"", ""gsm"": 80, ""finish"": ""Copy"", ""color"": ""White"", ""uom"": ""REAM""}",2025-05-13T04:45:38
PPR-A4-OFFSET-250G-RECYCLED-BOX,A4 Offset 250gsm - Recycled - Box Pack,"Recycled Offset paper in A4 size, 250 gsm basis weight, packaged as Box.",BOX,37.05,239,True,"{""size"": ""A4"", ""gsm"": 250, ""finish"": ""Offset"", ""color"": ""Recycled"", ""uom"": ""BOX""}",2025-10-15T12:30:12
PPR-A4-OFFSET-300G-BRIGHTWHITE-REAM,A4 Offset 300gsm - Bright White - Ream Pack,"Bright White Offset paper in A4 size, 300 gsm basis weight, packaged as Ream.",REAM,9.57,460,True,"{""size"": ""A4"", ""gsm"": 300, ""finish"": ""Offset"", ""color"": ""Bright White"", ""uom"": ""REAM""}",2025-08-24T02:03:34
PPR-A4-OFFSET-300G-WHITE-BOX,A4 Offset 300gsm - White - Box Pack,"White Offset paper in A4 size, 300 gsm basis weight, packaged as Box.",BOX,42.16,210,True,"{""size"": ""A4"", ""gsm"": 300, ""finish"": ""Offset"", ""color"": ""White"", ""uom"": ""BOX""}",2025-08-11T07:32:47
PPR-A4-OFFSET-300G-WHITE-REAM,A4 Offset 300gsm - White - Ream Pack,"White Offset paper in A4 size, 300 gsm basis weight, packaged as Ream.",REAM,9.5,372,True,"{""size"": ""A4"", ""gsm"": 300, ""finish"": ""Offset"", ""color"": ""White"", ""uom"": ""REAM""}",2025-05-09T19:42:36
PPR-A4-OFFSET-75G-RECYCLED-BOX,A4 Offset 75gsm - Recycled - Box Pack,"Recycled Offset paper in A4 size, 75 gsm basis weight, packaged as Box.",BOX,24.46,282,True,"{""size"": ""A4"", ""gsm"": 75, ""finish"": ""Offset"", ""color"": ""Recycled"", ""uom"": ""BOX""}",2025-07-31T09:55:47
PPR-A4-OFFSET-75G-RECYCLED-REAM,A4 Offset 75gsm - Recycled - Ream Pack,"Recycled Offset paper in A4 size, 75 gsm basis weight, packaged as Ream.",REAM,4.84,471,True,"{""size"": ""A4"", ""gsm"": 75, ""finish"": ""Offset"", ""color"": ""Recycled"", ""uom"": ""REAM""}",2025-05-13T18:37:44
PPR-A4-UNCOATED-250G-IVORY-REAM,A4 Uncoated 250gsm - Ivory - Ream Pack,"Ivory Uncoated paper in A4 size, 250 gsm basis weight, packaged as Ream.",REAM,8.82,530,True,"{""size"": ""A4"", ""gsm"": 250, ""finish"": ""Uncoated"", ""color"": ""Ivory"", ""uom"": ""REAM""}",2025-04-25T09:02:08
PPR-A4-UNCOATED-250G-RECYCLED-REAM,A4 Uncoated 250gsm - Recycled - Ream Pack,"Recycled Uncoated paper in A4 size, 250 gsm basis weight, packaged as Ream.",REAM,8.47,193,True,"{""size"": ""A4"", ""gsm"": 250, ""finish"": ""Uncoated"", ""color"": ""Recycled"", ""uom"": ""REAM""}",2025-08-31T11:31:01
PPR-A4-UNCOATED-300G-IVORY-BOX,A4 Uncoated 300gsm - Ivory - Box Pack,"Ivory Uncoated paper in A4 size, 300 gsm basis weight, packaged as Box.",BOX,41.11,277,True,"{""size"": ""A4"", ""gsm"": 300, ""finish"": ""Uncoated"", ""color"": ""Ivory"", ""uom"": ""BOX""}",2025-06-24T04:21:08
PPR-A4-UNCOATED-70G-WHITE-REAM,A4 Uncoated 70gsm - White - Ream Pack,"White Uncoated paper in A4 size, 70 gsm basis weight, packaged as Ream.",REAM,5.0,502,True,"{""size"": ""A4"", ""gsm"": 70, ""finish"": ""Uncoated"", ""color"": ""White"", ""uom"": ""REAM""}",2025-08-07T19:36:10
PPR-A4-UNCOATED-75G-IVORY-REAM,A4 Uncoated 75gsm - Ivory - Ream Pack,"Ivory Uncoated paper in A4 size, 75 gsm basis weight, packaged as Ream.",REAM,5.4,630,True,"{""size"": ""A4"", ""gsm"": 75, ""finish"": ""Uncoated"", ""color"": ""Ivory"", ""uom"": ""REAM""}",2025-09-24T16:35:12
PPR-A4-UNCOATED-80G-IVORY-PALLET,A4 Uncoated 80gsm - Ivory - Pallet Pack,"Ivory Uncoated paper in A4 size, 80 gsm basis weight, packaged as Pallet.",PALLET,526.33,0,True,"{""size"": ""A4"", ""gsm"": 80, ""finish"": ""Uncoated"", ""color"": ""Ivory"", ""uom"": ""PALLET""}",2025-09-25T02:53:31
PPR-A4-UNCOATED-80G-IVORY-REAM,A4 Uncoated 80gsm - Ivory - Ream Pack,"Ivory Uncoated paper in A4 size, 80 gsm basis weight, packaged as Ream.",REAM,5.5,709,True,"{""size"": ""A4"", ""gsm"": 80, ""finish"": ""Uncoated"", ""color"": ""Ivory"", ""uom"": ""REAM""}",2025-08-14T11:14:38
PPR-A5-CARDSTOCK-250G-BRIGHTWHITE-REAM,A5 Cardstock 250gsm - Bright White - Ream Pack,"Bright White Cardstock paper in A5 size, 250 gsm basis weight, packaged as Ream.",REAM,6.53,363,True,"{""size"": ""A5"", ""gsm"": 250, ""finish"": ""Cardstock"", ""color"": ""Bright White"", ""uom"": ""REAM""}",2025-06-18T00:37:17
PPR-A5-CARDSTOCK-250G-IVORY-BOX,A5 Cardstock 250gsm - Ivory - Box Pack,"Ivory Cardstock paper in A5 size, 250 gsm basis weight, packaged as Box.",BOX,29.3,460,True,"{""size"": ""A5"", ""gsm"": 250, ""finish"": ""Cardstock"", ""color"": ""Ivory"", ""uom"": ""BOX""}",2025-08-03T07:26:02
PPR-A5-CARDSTOCK-250G-RECYCLED-REAM,A5 Cardstock 250gsm - Recycled - Ream Pack,"Recycled Cardstock paper in A5 size, 250 gsm basis weight, packaged as Ream.",REAM,6.29,461,True,"{""size"": ""A5"", ""gsm"": 250, ""finish"": ""Cardstock"", ""color"": ""Recycled"", ""uom"": ""REAM""}",2025-07-05T21:21:15
PPR-A5-CARDSTOCK-300G-WHITE-REAM,A5 Cardstock 300gsm - White - Ream Pack,"White Cardstock paper in A5 size, 300 gsm basis weight, packaged as Ream.",REAM,7.61,366,True,"{""size"": ""A5"", ""gsm"": 300, ""finish"": ""Cardstock"", ""color"": ""White"", ""uom"": ""REAM""}",2025-05-13T06:53:57
PPR-A5-CARDSTOCK-70G-RECYCLED-REAM,A5 Cardstock 70gsm - Recycled - Ream Pack,"Recycled Cardstock paper in A5 size, 70 gsm basis weight, packaged as Ream.",REAM,4.17,474,True,"{""size"": ""A5"", ""gsm"": 70, ""finish"": ""Cardstock"", ""color"": ""Recycled"", ""uom"": ""REAM""}",2025-09-10T15:20:41
PPR-A5-CARDSTOCK-75G-RECYCLED-BOX,A5 Cardstock 75gsm - Recycled - Box Pack,"Recycled Cardstock paper in A5 size, 75 gsm basis weight, packaged as Box.",BOX,23.03,265,True,"{""size"": ""A5"", ""gsm"": 75, ""finish"": ""Cardstock"", ""color"": ""Recycled"", ""uom"": ""BOX""}",2025-09-12T14:23:59
PPR-A5-CARDSTOCK-80G-RECYCLED-BOX,A5 Cardstock 80gsm - Recycled - Box Pack,"Recycled Cardstock paper in A5 size, 80 gsm basis weight, packaged as Box.",BOX,22.58,356,True,"{""size"": ""A5"", ""gsm"": 80, ""finish"": ""Cardstock"", ""color"": ""Recycled"", ""uom"": ""BOX""}",2025-07-16T17:34:47
PPR-A5-COATEDGLOSS-250G-BRIGHTWHITE-REAM,A5 Coated Gloss 250gsm - Bright White - Ream Pack,"Bright White Coated Gloss paper in A5 size, 250 gsm basis weight, packaged as Ream.",REAM,6.75,313,True,"{""size"": ""A5"", ""gsm"": 250, ""finish"": ""Coated Gloss"", ""color"": ""Bright White"", ""uom"": ""REAM""}",2025-05-04T23:51:51
PPR-A5-COATEDGLOSS-250G-RECYCLED-REAM,A5 Coated Gloss 250gsm - Recycled - Ream Pack,"Recycled Coated Gloss paper in A5 size, 250 gsm basis weight, packaged as Ream.",REAM,6.37,414,True,"{""size"": ""A5"", ""gsm"": 250, ""finish"": ""Coated Gloss"", ""color"": ""Recycled"", ""uom"": ""REAM""}",2025-08-18T15:31:01
PPR-A5-COATEDGLOSS-250G-WHITE-BOX,A5 Coated Gloss 250gsm - White - Box Pack,"White Coated Gloss paper in A5 size, 250 gsm basis weight, packaged as Box.",BOX,29.44,341,True,"{""size"": ""A5"", ""gsm"": 250, ""finish"": ""Coated Gloss"", ""color"": ""White"", ""uom"": ""BOX""}",2025-08-15T22:18:24
PPR-A5-COATEDGLOSS-300G-WHITE-REAM,A5 Coated Gloss 300gsm - White - Ream Pack,"White Coated Gloss paper in A5 size, 300 gsm basis weight, packaged as Ream.",REAM,7.23,356,True,"{""size"": ""A5"", ""gsm"": 300, ""finish"": ""Coated Gloss"", ""color"": ""White"", ""uom"": ""REAM""}",2025-09-06T17:54:41
PPR-A5-COATEDGLOSS-70G-IVORY-BOX,A5 Coated Gloss 70gsm - Ivory - Box Pack,"Ivory Coated Gloss paper in A5 size, 70 gsm basis weight, packaged as Box.",BOX,21.01,200,True,"{""size"": ""A5"", ""gsm"": 70, ""finish"": ""Coated Gloss"", ""color"": ""Ivory"", ""uom"": ""BOX""}",2025-09-13T03:45:03
PPR-A5-COATEDGLOSS-70G-WHITE-REAM,A5 Coated Gloss 70gsm - White - Ream Pack,"White Coated Gloss paper in A5 size, 70 gsm basis weight, packaged as Ream.",REAM,4.11,81,True,"{""size"": ""A5"", ""gsm"": 70, ""finish"": ""Coated Gloss"", ""color"": ""White"", ""uom"": ""REAM""}",2025-07-29T18:02:16
PPR-A5-COATEDGLOSS-80G-BRIGHTWHITE-REAM,A5 Coated Gloss 80gsm - Bright White - Ream Pack,"Bright White Coated Gloss paper in A5 size, 80 gsm basis weight, packaged as Ream.",REAM,4.77,603,True,"{""size"": ""A5"", ""gsm"": 80, ""finish"": ""Coated Gloss"", ""color"": ""Bright White"", ""uom"": ""REAM""}",2025-08-04T00:14:55
PPR-A5-COATEDGLOSS-80G-WHITE-PALLET,A5 Coated Gloss 80gsm - White - Pallet Pack,"White Coated Gloss paper in A5 size, 80 gsm basis weight, packaged as Pallet.",PALLET,494.02,0,True,"{""size"": ""A5"", ""gsm"": 80, ""finish"": ""Coated Gloss"", ""color"": ""White"", ""uom"": ""PALLET""}",2025-08-03T14:58:50
PPR-A5-COATEDGLOSS-90G-IVORY-PALLET,A5 Coated Gloss 90gsm - Ivory - Pallet Pack,"Ivory Coated Gloss paper in A5 size, 90 gsm basis weight, packaged as Pallet.",PALLET,515.25,0,True,"{""size"": ""A5"", ""gsm"": 90, ""finish"": ""Coated Gloss"", ""color"": ""Ivory"", ""uom"": ""PALLET""}",2025-05-02T11:07:04
PPR-A5-COATEDMATTE-250G-RECYCLED-REAM,A5 Coated Matte 250gsm - Recycled - Ream Pack,"Recycled Coated Matte paper in A5 size, 250 gsm basis weight, packaged as Ream.",REAM,7.08,621,True,"{""size"": ""A5"", ""gsm"": 250, ""finish"": ""Coated Matte"", ""color"": ""Recycled"", ""uom"": ""REAM""}",2025-05-09T17:21:47
PPR-A5-COATEDMATTE-250G-WHITE-REAM,A5 Coated Matte 250gsm - White - Ream Pack,"White Coated Matte paper in A5 size, 250 gsm basis weight, packaged as Ream.",REAM,6.97,713,True,"{""size"": ""A5"", ""gsm"": 250, ""finish"": ""Coated Matte"", ""color"": ""White"", ""uom"": ""REAM""}",2025-04-25T03:45:18
PPR-A5-COATEDMATTE-75G-IVORY-REAM,A5 Coated Matte 75gsm - Ivory - Ream Pack,"Ivory Coated Matte paper in A5 size, 75 gsm basis weight, packaged as Ream.",REAM,4.96,274,True,"{""size"": ""A5"", ""gsm"": 75, ""finish"": ""Coated Matte"", ""color"": ""Ivory"", ""uom"": ""REAM""}",2025-05-07T08:28:26
PPR-A5-COATEDMATTE-80G-RECYCLED-REAM,A5 Coated Matte 80gsm - Recycled - Ream Pack,"Recycled Coated Matte paper in A5 size, 80 gsm basis weight, packaged as Ream.",REAM,4.86,436,True,"{""size"": ""A5"", ""gsm"": 80, ""finish"": ""Coated Matte"", ""color"": ""Recycled"", ""uom"": ""REAM""}",2025-06-06T01:43:07
PPR-A5-COATEDMATTE-90G-IVORY-REAM,A5 Coated Matte 90gsm - Ivory - Ream Pack,"Ivory Coated Matte paper in A5 size, 90 gsm basis weight, packaged as Ream.",REAM,4.49,270,True,"{""size"": ""A5"", ""gsm"": 90, ""finish"": ""Coated Matte"", ""color"": ""Ivory"", ""uom"": ""REAM""}",2025-09-04T01:19:55
PPR-A5-COPY-160G-WHITE-SHEET,A5 Copy 160gsm - White - Sheet Pack,"White Copy paper in A5 size, 160 gsm basis weight, packaged as Sheet.",SHEET,0.2425,550,True,"{""size"": ""A5"", ""gsm"": 160, ""finish"": ""Copy"", ""color"": ""White"", ""uom"": ""SHEET""}",2025-10-07T13:38:42
PPR-A5-COPY-250G-BRIGHTWHITE-REAM,A5 Copy 250gsm - Bright White - Ream Pack,"Bright White Copy paper in A5 size, 250 gsm basis weight, packaged as Ream.",REAM,6.45,380,True,"{""size"": ""A5"", ""gsm"": 250, ""finish"": ""Copy"", ""color"": ""Bright White"", ""uom"": ""REAM""}",2025-07-28T04:44:03
PPR-A5-COPY-300G-BRIGHTWHITE-REAM,A5 Copy 300gsm - Bright White - Ream Pack,"Bright White Copy paper in A5 size, 300 gsm basis weight, packaged as Ream.",REAM,7.13,471,True,"{""size"": ""A5"", ""gsm"": 300, ""finish"": ""Copy"", ""color"": ""Bright White"", ""uom"": ""REAM""}",2025-08-18T06:31:25
PPR-A5-COPY-70G-IVORY-PALLET,A5 Copy 70gsm - Ivory - Pallet Pack,"Ivory Copy paper in A5 size, 70 gsm basis weight, packaged as Pallet.",PALLET,503.76,249,True,"{""size"": ""A5"", ""gsm"": 70, ""finish"": ""Copy"", ""color"": ""Ivory"", ""uom"": ""PALLET""}",2025-07-17T16:38:25
PPR-A5-COPY-70G-WHITE-PALLET,A5 Copy 70gsm - White - Pallet Pack,"White Copy paper in A5 size, 70 gsm basis weight, packaged as Pallet.",PALLET,501.46,97,True,"{""size"": ""A5"", ""gsm"": 70, ""finish"": ""Copy"", ""color"": ""White"", ""uom"": ""PALLET""}",2025-06-17T09:00:37
PPR-A5-COPY-90G-BRIGHTWHITE-BOX,A5 Copy 90gsm - Bright White - Box Pack,"Bright White Copy paper in A5 size, 90 gsm basis weight, packaged as Box.",BOX,22.87,537,True,"{""size"": ""A5"", ""gsm"": 90, ""finish"": ""Copy"", ""color"": ""Bright White"", ""uom"": ""BOX""}",2025-07-31T04:34:55
PPR-A5-OFFSET-300G-RECYCLED-REAM,A5 Offset 300gsm - Recycled - Ream Pack,"Recycled Offset paper in A5 size, 300 gsm basis weight, packaged as Ream.",REAM,6.84,448,True,"{""size"": ""A5"", ""gsm"": 300, ""finish"": ""Offset"", ""color"": ""Recycled"", ""uom"": ""REAM""}",2025-06-07T13:18:39
PPR-A5-OFFSET-70G-RECYCLED-BOX,A5 Offset 70gsm - Recycled - Box Pack,"Recycled Offset paper in A5 size, 70 gsm basis weight, packaged as Box.",BOX,22.42,545,True,"{""size"": ""A5"", ""gsm"": 70, ""finish"": ""Offset"", ""color"": ""Recycled"", ""uom"": ""BOX""}",2025-08-14T16:42:25
PPR-A5-OFFSET-70G-WHITE-REAM,A5 Offset 70gsm - White - Ream Pack,"White Offset paper in A5 size, 70 gsm basis weight, packaged as Ream.",REAM,4.87,434,True,"{""size"": ""A5"", ""gsm"": 70, ""finish"": ""Offset"", ""color"": ""White"", ""uom"": ""REAM""}",2025-05-04T08:18:31
PPR-A5-OFFSET-75G-IVORY-BOX,A5 Offset 75gsm - Ivory - Box Pack,"Ivory Offset paper in A5 size, 75 gsm basis weight, packaged as Box.",BOX,21.66,436,True,"{""size"": ""A5"", ""gsm"": 75, ""finish"": ""Offset"", ""color"": ""Ivory"", ""uom"": ""BOX""}",2025-07-31T09:52:30
PPR-A5-OFFSET-80G-IVORY-BOX,A5 Offset 80gsm - Ivory - Box Pack,"Ivory Offset paper in A5 size, 80 gsm basis weight, packaged as Box.",BOX,21.46,400,True,"{""size"": ""A5"", ""gsm"": 80, ""finish"": ""Offset"", ""color"": ""Ivory"", ""uom"": ""BOX""}",2025-07-25T19:25:43
PPR-A5-OFFSET-90G-WHITE-BOX,A5 Offset 90gsm - White - Box Pack,"White Offset paper in A5 size, 90 gsm basis weight, packaged as Box.",BOX,21.64,454,True,"{""size"": ""A5"", ""gsm"": 90, ""finish"": ""Offset"", ""color"": ""White"", ""uom"": ""BOX""}",2025-09-15T20:06:55
PPR-A5-OFFSET-90G-WHITE-REAM,A5 Offset 90gsm - White - Ream Pack,"White Offset paper in A5 size, 90 gsm basis weight, packaged as Ream.",REAM,4.81,619,True,"{""size"": ""A5"", ""gsm"": 90, ""finish"": ""Offset"", ""color"": ""White"", ""uom"": ""REAM""}",2025-06-19T12:26:28
PPR-A5-UNCOATED-70G-RECYCLED-BOX,A5 Uncoated 70gsm - Recycled - Box Pack,"Recycled Uncoated paper in A5 size, 70 gsm basis weight, packaged as Box.",BOX,20.68,322,True,"{""size"": ""A5"", ""gsm"": 70, ""finish"": ""Uncoated"", ""color"": ""Recycled"", ""uom"": ""BOX""}",2025-08-27T15:54:52
PPR-A5-UNCOATED-80G-BRIGHTWHITE-REAM,A5 Uncoated 80gsm - Bright White - Ream Pack,"Bright White Uncoated paper in A5 size, 80 gsm basis weight, packaged as Ream.",REAM,4.22,432,True,"{""size"": ""A5"", ""gsm"": 80, ""finish"": ""Uncoated"", ""color"": ""Bright White"", ""uom"": ""REAM""}",2025-07-27T01:21:53
PPR-A5-UNCOATED-80G-IVORY-BOX,A5 Uncoated 80gsm - Ivory - Box Pack,"Ivory Uncoated paper in A5 size, 80 gsm basis weight, packaged as Box.",BOX,22.99,543,True,"{""size"": ""A5"", ""gsm"": 80, ""finish"": ""Uncoated"", ""color"": ""Ivory"", ""uom"": ""BOX""}",2025-07-29T02:34:57
PPR-SRA3-CARDSTOCK-250G-IVORY-REAM,SRA3 Cardstock 250gsm - Ivory - Ream Pack,"Ivory Cardstock paper in SRA3 size, 250 gsm basis weight, packaged as Ream.",REAM,12.73,682,True,"{""size"": ""SRA3"", ""gsm"": 250, ""finish"": ""Cardstock"", ""color"": ""Ivory"", ""uom"": ""REAM""}",2025-09-23T00:16:01
PPR-SRA3-CARDSTOCK-70G-BRIGHTWHITE-REAM,SRA3 Cardstock 70gsm - Bright White - Ream Pack,"Bright White Cardstock paper in SRA3 size, 70 gsm basis weight, packaged as Ream.",REAM,5.99,329,True,"{""size"": ""SRA3"", ""gsm"": 70, ""finish"": ""Cardstock"", ""color"": ""Bright White"", ""uom"": ""REAM""}",2025-05-19T16:01:31
PPR-SRA3-CARDSTOCK-70G-IVORY-REAM,SRA3 Cardstock 70gsm - Ivory - Ream Pack,"Ivory Cardstock paper in SRA3 size, 70 gsm basis weight, packaged as Ream.",REAM,6.54,491,True,"{""size"": ""SRA3"", ""gsm"": 70, ""finish"": ""Cardstock"", ""color"": ""Ivory"", ""uom"": ""REAM""}",2025-05-11T09:12:00
PPR-SRA3-CARDSTOCK-75G-IVORY-REAM,SRA3 Cardstock 75gsm - Ivory - Ream Pack,"Ivory Cardstock paper in SRA3 size, 75 gsm basis weight, packaged as Ream.",REAM,6.69,336,True,"{""size"": ""SRA3"", ""gsm"": 75, ""finish"": ""Cardstock"", ""color"": ""Ivory"", ""uom"": ""REAM""}",2025-07-03T03:18:25
PPR-SRA3-CARDSTOCK-80G-IVORY-BOX,SRA3 Cardstock 80gsm - Ivory - Box Pack,"Ivory Cardstock paper in SRA3 size, 80 gsm basis weight, packaged as Box.",BOX,29.18,378,True,"{""size"": ""SRA3"", ""gsm"": 80, ""finish"": ""Cardstock"", ""color"": ""Ivory"", ""uom"": ""BOX""}",2025-07-12T11:34:51
PPR-SRA3-COATEDGLOSS-250G-IVORY-BOX,SRA3 Coated Gloss 250gsm - Ivory - Box Pack,"Ivory Coated Gloss paper in SRA3 size, 250 gsm basis weight, packaged as Box.",BOX,56.4,284,True,"{""size"": ""SRA3"", ""gsm"": 250, ""finish"": ""Coated Gloss"", ""color"": ""Ivory"", ""uom"": ""BOX""}",2025-09-29T01:10:15
PPR-SRA3-COATEDGLOSS-250G-WHITE-BOX,SRA3 Coated Gloss 250gsm - White - Box Pack,"White Coated Gloss paper in SRA3 size, 250 gsm basis weight, packaged as Box.",BOX,55.46,542,True,"{""size"": ""SRA3"", ""gsm"": 250, ""finish"": ""Coated Gloss"", ""color"": ""White"", ""uom"": ""BOX""}",2025-07-27T18:58:21
PPR-SRA3-COATEDGLOSS-300G-BRIGHTWHITE-PALLET,SRA3 Coated Gloss 300gsm - Bright White - Pallet Pack,"Bright White Coated Gloss paper in SRA3 size, 300 gsm basis weight, packaged as Pallet.",PALLET,804.4,0,True,"{""size"": ""SRA3"", ""gsm"": 300, ""finish"": ""Coated Gloss"", ""color"": ""Bright White"", ""uom"": ""PALLET""}",2025-09-24T13:37:50
PPR-SRA3-COATEDGLOSS-300G-BRIGHTWHITE-REAM,SRA3 Coated Gloss 300gsm - Bright White - Ream Pack,"Bright White Coated Gloss paper in SRA3 size, 300 gsm basis weight, packaged as Ream.",REAM,14.91,433,True,"{""size"": ""SRA3"", ""gsm"": 300, ""finish"": ""Coated Gloss"", ""color"": ""Bright White"", ""uom"": ""REAM""}",2025-07-16T02:19:11
PPR-SRA3-COATEDGLOSS-300G-WHITE-REAM,SRA3 Coated Gloss 300gsm - White - Ream Pack,"White Coated Gloss paper in SRA3 size, 300 gsm basis weight, packaged as Ream.",REAM,14.76,646,True,"{""size"": ""SRA3"", ""gsm"": 300, ""finish"": ""Coated Gloss"", ""color"": ""White"", ""uom"": ""REAM""}",2025-05-13T09:06:47
PPR-SRA3-COATEDGLOSS-70G-BRIGHTWHITE-REAM,SRA3 Coated Gloss 70gsm - Bright White - Ream Pack,"Bright White Coated Gloss paper in SRA3 size, 70 gsm basis weight, packaged as Ream.",REAM,6.06,313,True,"{""size"": ""SRA3"", ""gsm"": 70, ""finish"": ""Coated Gloss"", ""color"": ""Bright White"", ""uom"": ""REAM""}",2025-05-09T17:40:54
PPR-SRA3-COATEDGLOSS-75G-RECYCLED-REAM,SRA3 Coated Gloss 75gsm - Recycled - Ream Pack,"Recycled Coated Gloss paper in SRA3 size, 75 gsm basis weight, packaged as Ream.",REAM,6.92,439,True,"{""size"": ""SRA3"", ""gsm"": 75, ""finish"": ""Coated Gloss"", ""color"": ""Recycled"", ""uom"": ""REAM""}",2025-09-02T12:13:16
PPR-SRA3-COATEDGLOSS-80G-BRIGHTWHITE-REAM,SRA3 Coated Gloss 80gsm - Bright White - Ream Pack,"Bright White Coated Gloss paper in SRA3 size, 80 gsm basis weight, packaged as Ream.",REAM,6.72,293,True,"{""size"": ""SRA3"", ""gsm"": 80, ""finish"": ""Coated Gloss"", ""color"": ""Bright White"", ""uom"": ""REAM""}",2025-06-20T23:07:44
PPR-SRA3-COATEDGLOSS-80G-IVORY-PALLET,SRA3 Coated Gloss 80gsm - Ivory - Pallet Pack,"Ivory Coated Gloss paper in SRA3 size, 80 gsm basis weight, packaged as Pallet.",PALLET,537.99,80,True,"{""size"": ""SRA3"", ""gsm"": 80, ""finish"": ""Coated Gloss"", ""color"": ""Ivory"", ""uom"": ""PALLET""}",2025-05-03T10:32:18
PPR-SRA3-COATEDGLOSS-80G-WHITE-REAM,SRA3 Coated Gloss 80gsm - White - Ream Pack,"White Coated Gloss paper in SRA3 size, 80 gsm basis weight, packaged as Ream.",REAM,6.39,728,True,"{""size"": ""SRA3"", ""gsm"": 80, ""finish"": ""Coated Gloss"", ""color"": ""White"", ""uom"": ""REAM""}",2025-05-17T11:26:54
PPR-SRA3-COATEDMATTE-250G-BRIGHTWHITE-BOX,SRA3 Coated Matte 250gsm - Bright White - Box Pack,"Bright White Coated Matte paper in SRA3 size, 250 gsm basis weight, packaged as Box.",BOX,56.04,478,True,"{""size"": ""SRA3"", ""gsm"": 250, ""finish"": ""Coated Matte"", ""color"": ""Bright White"", ""uom"": ""BOX""}",2025-09-02T16:19:24
PPR-SRA3-COATEDMATTE-250G-IVORY-BOX,SRA3 Coated Matte 250gsm - Ivory - Box Pack,"Ivory Coated Matte paper in SRA3 size, 250 gsm basis weight, packaged as Box.",BOX,55.63,527,True,"{""size"": ""SRA3"", ""gsm"": 250, ""finish"": ""Coated Matte"", ""color"": ""Ivory"", ""uom"": ""BOX""}",2025-08-11T01:54:18
PPR-SRA3-COATEDMATTE-75G-RECYCLED-BOX,SRA3 Coated Matte 75gsm - Recycled - Box Pack,"Recycled Coated Matte paper in SRA3 size, 75 gsm basis weight, packaged as Box.",BOX,30.47,634,True,"{""size"": ""SRA3"", ""gsm"": 75, ""finish"": ""Coated Matte"", ""color"": ""Recycled"", ""uom"": ""BOX""}",2025-08-13T18:35:32
PPR-SRA3-COATEDMATTE-75G-RECYCLED-REAM,SRA3 Coated Matte 75gsm - Recycled - Ream Pack,"Recycled Coated Matte paper in SRA3 size, 75 gsm basis weight, packaged as Ream.",REAM,6.07,358,True,"{""size"": ""SRA3"", ""gsm"": 75, ""finish"": ""Coated Matte"", ""color"": ""Recycled"", ""uom"": ""REAM""}",2025-07-29T06:54:17
PPR-SRA3-COATEDMATTE-80G-IVORY-BOX,SRA3 Coated Matte 80gsm - Ivory - Box Pack,"Ivory Coated Matte paper in SRA3 size, 80 gsm basis weight, packaged as Box.",BOX,31.15,339,True,"{""size"": ""SRA3"", ""gsm"": 80, ""finish"": ""Coated Matte"", ""color"": ""Ivory"", ""uom"": ""BOX""}",2025-09-10T12:53:25
PPR-SRA3-COPY-250G-BRIGHTWHITE-BOX,SRA3 Copy 250gsm - Bright White - Box Pack,"Bright White Copy paper in SRA3 size, 250 gsm basis weight, packaged as Box.",BOX,56.11,632,True,"{""size"": ""SRA3"", ""gsm"": 250, ""finish"": ""Copy"", ""color"": ""Bright White"", ""uom"": ""BOX""}",2025-07-16T10:19:36
PPR-SRA3-COPY-300G-IVORY-REAM,SRA3 Copy 300gsm - Ivory - Ream Pack,"Ivory Copy paper in SRA3 size, 300 gsm basis weight, packaged as Ream.",REAM,14.8,591,True,"{""size"": ""SRA3"", ""gsm"": 300, ""finish"": ""Copy"", ""color"": ""Ivory"", ""uom"": ""REAM""}",2025-08-24T01:13:54
PPR-SRA3-COPY-300G-WHITE-PALLET,SRA3 Copy 300gsm - White - Pallet Pack,"White Copy paper in SRA3 size, 300 gsm basis weight, packaged as Pallet.",PALLET,772.58,31,True,"{""size"": ""SRA3"", ""gsm"": 300, ""finish"": ""Copy"", ""color"": ""White"", ""uom"": ""PALLET""}",2025-10-06T18:23:15
PPR-SRA3-COPY-300G-WHITE-REAM,SRA3 Copy 300gsm - White - Ream Pack,"White Copy paper in SRA3 size, 300 gsm basis weight, packaged as Ream.",REAM,15.26,318,True,"{""size"": ""SRA3"", ""gsm"": 300, ""finish"": ""Copy"", ""color"": ""White"", ""uom"": ""REAM""}",2025-05-21T21:13:57
PPR-SRA3-COPY-70G-IVORY-PALLET,SRA3 Copy 70gsm - Ivory - Pallet Pack,"Ivory Copy paper in SRA3 size, 70 gsm basis weight, packaged as Pallet.",PALLET,560.93,245,True,"{""size"": ""SRA3"", ""gsm"": 70, ""finish"": ""Copy"", ""color"": ""Ivory"", ""uom"": ""PALLET""}",2025-10-14T23:33:53
PPR-SRA3-COPY-90G-IVORY-PALLET,SRA3 Copy 90gsm - Ivory - Pallet Pack,"Ivory Copy paper in SRA3 size, 90 gsm basis weight, packaged as Pallet.",PALLET,559.72,0,True,"{""size"": ""SRA3"", ""gsm"": 90, ""finish"": ""Copy"", ""color"": ""Ivory"", ""uom"": ""PALLET""}",2025-08-15T15:22:32
PPR-SRA3-OFFSET-300G-BRIGHTWHITE-PALLET,SRA3 Offset 300gsm - Bright White - Pallet Pack,"Bright White Offset paper in SRA3 size, 300 gsm basis weight, packaged as Pallet.",PALLET,830.84,141,True,"{""size"": ""SRA3"", ""gsm"": 300, ""finish"": ""Offset"", ""color"": ""Bright White"", ""uom"": ""PALLET""}",2025-08-03T09:43:46
PPR-SRA3-OFFSET-75G-BRIGHTWHITE-BOX,SRA3 Offset 75gsm - Bright White - Box Pack,"Bright White Offset paper in SRA3 size, 75 gsm basis weight, packaged as Box.",BOX,28.58,546,True,"{""size"": ""SRA3"", ""gsm"": 75, ""finish"": ""Offset"", ""color"": ""Bright White"", ""uom"": ""BOX""}",2025-04-28T01:19:35
PPR-SRA3-OFFSET-90G-IVORY-REAM,SRA3 Offset 90gsm - Ivory - Ream Pack,"Ivory Offset paper in SRA3 size, 90 gsm basis weight, packaged as Ream.",REAM,6.89,286,True,"{""size"": ""SRA3"", ""gsm"": 90, ""finish"": ""Offset"", ""color"": ""Ivory"", ""uom"": ""REAM""}",2025-09-01T07:49:54
PPR-SRA3-OFFSET-90G-RECYCLED-REAM,SRA3 Offset 90gsm - Recycled - Ream Pack,"Recycled Offset paper in SRA3 size, 90 gsm basis weight, packaged as Ream.",REAM,7.07,497,True,"{""size"": ""SRA3"", ""gsm"": 90, ""finish"": ""Offset"", ""color"": ""Recycled"", ""uom"": ""REAM""}",2025-10-09T05:18:46
PPR-SRA3-UNCOATED-250G-BRIGHTWHITE-REAM,SRA3 Uncoated 250gsm - Bright White - Ream Pack,"Bright White Uncoated paper in SRA3 size, 250 gsm basis weight, packaged as Ream.",REAM,13.24,493,False,"{""size"": ""SRA3"", ""gsm"": 250, ""finish"": ""Uncoated"", ""color"": ""Bright White"", ""uom"": ""REAM""}",2025-09-03T09:06:58
PPR-SRA3-UNCOATED-250G-IVORY-BOX,SRA3 Uncoated 250gsm - Ivory - Box Pack,"Ivory Uncoated paper in SRA3 size, 250 gsm basis weight, packaged as Box.",BOX,55.96,539,True,"{""size"": ""SRA3"", ""gsm"": 250, ""finish"": ""Uncoated"", ""color"": ""Ivory"", ""uom"": ""BOX""}",2025-06-01T12:03:56
PPR-SRA3-UNCOATED-250G-IVORY-REAM,SRA3 Uncoated 250gsm - Ivory - Ream Pack,"Ivory Uncoated paper in SRA3 size, 250 gsm basis weight, packaged as Ream.",REAM,13.26,256,True,"{""size"": ""SRA3"", ""gsm"": 250, ""finish"": ""Uncoated"", ""color"": ""Ivory"", ""uom"": ""REAM""}",2025-05-23T18:46:56
PPR-SRA3-UNCOATED-300G-BRIGHTWHITE-BOX,SRA3 Uncoated 300gsm - Bright White - Box Pack,"Bright White Uncoated paper in SRA3 size, 300 gsm basis weight, packaged as Box.",BOX,64.6,475,True,"{""size"": ""SRA3"", ""gsm"": 300, ""finish"": ""Uncoated"", ""color"": ""Bright White"", ""uom"": ""BOX""}",2025-06-27T09:52:20
PPR-SRA3-UNCOATED-300G-RECYCLED-REAM,SRA3 Uncoated 300gsm - Recycled - Ream Pack,"Recycled Uncoated paper in SRA3 size, 300 gsm basis weight, packaged as Ream.",REAM,15.5,496,True,"{""size"": ""SRA3"", ""gsm"": 300, ""finish"": ""Uncoated"", ""color"": ""Recycled"", ""uom"": ""REAM""}",2025-08-28T01:15:33
PPR-SRA3-UNCOATED-70G-IVORY-REAM,SRA3 Uncoated 70gsm - Ivory - Ream Pack,"Ivory Uncoated paper in SRA3 size, 70 gsm basis weight, packaged as Ream.",REAM,6.12,513,True,"{""size"": ""SRA3"", ""gsm"": 70, ""finish"": ""Uncoated"", ""color"": ""Ivory"", ""uom"": ""REAM""}",2025-08-18T08:11:56
PPR-SRA3-UNCOATED-80G-BRIGHTWHITE-REAM,SRA3 Uncoated 80gsm - Bright White - Ream Pack,"Bright White Uncoated paper in SRA3 size, 80 gsm basis weight, packaged as Ream.",REAM,6.34,495,True,"{""size"": ""SRA3"", ""gsm"": 80, ""finish"": ""Uncoated"", ""color"": ""Bright White"", ""uom"": ""REAM""}",2025-08-20T11:46:58
PPR-SRA3-UNCOATED-90G-IVORY-BOX,SRA3 Uncoated 90gsm - Ivory - Box Pack,"Ivory Uncoated paper in SRA3 size, 90 gsm basis weight, packaged as Box.",BOX,31.71,192,True,"{""size"": ""SRA3"", ""gsm"": 90, ""finish"": ""Uncoated"", ""color"": ""Ivory"", ""uom"": ""BOX""}",2025-05-27T09:03:34
